70,0,150,65,0,0,34,16,0,0,67,9,0,0,0,254,69,76,149,58,0,0,0,0,0,0,32,6,83,0,0,0,0,0,0,0,0,0,0,0,0,0,0,88,0,248,255,254,255,252,255,252,255,252,255,126,189,83,5,0,0,0,0,0,0,0,0,0,0,0,0,0,106,0,249,255,254,255,254,255,249,255,253,255,123,189,83,61,0,0,0,0,0,0,0,0,0,0,0,0,0,143,0,249,255,252,255,253,255,3,0,1,0,123,189,83,111,0,0,0,0,0,0,0,0,0,0,0,0,0,140,0,249,255,253,255,2,0,0,0,248,255,125,189,83,162,0,0,0,0,0,0,0,0,0,0,0,0,0,138,0,247,255,252,255,252,255,253,255,254,255,110,189,83,214,0,0,0,0,0,0,0,0,0,0,0,0,0,134,0,249,255,254,255,254,255,0,0,250,255,117,189,83,8,1,0,0,0,0,0,0,0,0,0,0,0,0,144,0,248,255,252,255,249,255,2,0,253,255,117,189,83,59,1,0,0,0,0,0,0,0,0,0,0,0,0,127,0,249,255,253,255,1,0,251,255
2,0,139,189,83,115,1,0,0,0,0,0,0,0,0,0,0,0,0,184,0,249,255,252,255,255,255,4,0,253,255,119,189,83,165,1,0,0,0,0,0,0,0,0,0,0,0,0,183,0,250,255,252,255,5,0,2,0,6,0,120,189,83,216,1,0,0,0,0,0,0,0,0,0,0,0,0,196,0,249,255,253,255,4,0,3,0,254,255,110,189,83,10,2,0,0,1,0,0,0,0,0,0,0,0,0,208,0,248,255,254,255,3,0,4,0,6,0,134,189,83,61,2,0,0,1,0,0,0,0,0,0,0,0,0,202,0,248,255,252,255,253,255,4,0,1,0,109,189,83,112,2,0,0,1,0,0,0,0,0,0,0,0,0,205,0,249,255,253,255,0,0,4,0,0,0,112,189,83,167,2,0,0,1,0,0,0,0,0,0,0,0,0,195,0,248,255,252,255,255,255,254,255,0,0,103,189,83,218,2,0,0,1,0,0,0,0,0,0,0,0,0,193,0,248,255,252,255,253,255,3,0,250,255,117,189,83,13,3,0,0,1,0,0,0,0,0,0,0,0,0,209,0,250,255,252
255,1,0,255,255,253,255,125,189,83,63,3,0,0,1,0,0,0,0,0,0,0,0,0,213,0,248,255,253,255,3,0,5,0,253,255,116,189,83,114,3,0,0,1,0,0,0,0,0,0,0,0,0,216,0,248,255,252,255,254,255,3,0,0,0,126,189,83,165,3,0,0,1,0,0,0,0,0,0,0,0,0,202,0,249,255,254,255,0,0,253,255,245,255,115,189,83,220,3,0,0,1,0,0,0,0,0,0,0,0,0,209,0,248,255,254,255,5,0,9,0,0,0,109,189,83,15,4,0,0,1,0,0,0,0,0,0,0,0,0,194,0,248,255,254,255,250,255,0,0,246,255,111,189,83,65,4,0,0,1,0,0,0,0,0,0,0,0,0,210,0,248,255,253,255,2,0,0,0,1,0,135,189,83,116,4,0,0,1,0,0,0,0,0,0,0,0,0,179,0,249,255,254,255,251,255,255,255,1,0,121,189,83,168,4,0,0,1,0,0,0,0,0,0,0,0,0,211,0,250,255,253,255,2,0,3,0,0,0,124,189,83,223,4,0,0,1,0,0,0,0,0,0,0,0,0
211,0,248,255,253,255,253,255,0,0,251,255,127,189,83,18,5,0,0,1,0,0,0,0,0,0,0,0,0,177,0,249,255,252,255,0,0,0,0,253,255,120,189,83,69,5,0,0,1,0,0,0,0,0,0,0,0,0,195,0,249,255,253,255,6,0,1,0,6,0,136,189,83,119,5,0,0,1,0,0,0,0,0,0,0,0,0,190,0,248,255,255,255,1,0,5,0,3,0,126,189,83,170,5,0,0,1,0,0,0,0,0,0,0,0,0,186,0,250,255,253,255,1,0,6,0,6,0,126,189,83,221,5,0,0,1,0,0,0,0,0,0,0,0,0,199,0,248,255,254,255,1,0,255,255,250,255,117,189,83,20,6,0,0,1,0,0,0,0,0,0,0,0,0,224,0,248,255,253,255,0,0,3,0,248,255,112,189,83,71,6,0,0,1,0,0,0,0,0,0,0,0,0,210,0,248,255,252,255,255,255,253,255,253,255,124,189,83,121,6,0,0,1,0,0,0,0,0,0,0,0,0,183,0,249,255,253,255,0,0,3,0,252,255,111,189,83,172,6,0,0,1,0,0,0,0
0,0,0,0,0,155,0,249,255,253,255,1,0,1,0,0,0,118,189,83,223,6,0,0,1,0,0,0,0,0,0,0,0,0,115,0,248,255,252,255,4,0,255,255,249,255,114,189,83,17,7,0,0,1,0,0,0,0,0,0,0,0,0,153,0,248,255,252,255,4,0,255,255,4,0,105,189,83,73,7,0,0,1,0,0,0,0,0,0,0,0,0,155,0,248,255,252,255,7,0,2,0,251,255,118,189,83,124,7,0,0,1,0,0,0,0,0,0,0,0,0,173,0,248,255,255,255,5,0,6,0,1,0,91,189,83,174,7,0,0,1,0,0,0,0,0,0,0,0,0,174,0,248,255,253,255,253,255,248,255,251,255,111,189,83,225,7,0,0,1,0,0,0,0,0,0,0,0,0,235,0,249,255,252,255,254,255,254,255,254,255,91,189,83,20,8,0,0,1,0,0,0,0,0,0,0,0,0,227,0,248,255,253,255,250,255,255,255,1,0,105,189,83,70,8,0,0,1,0,0,0,0,0,0,0,0,0,235,0,249,255,254,255,2,0,255,255,3,0,116,189,83,127,8,0,0
1,0,0,0,0,0,0,0,0,0,223,0,249,255,252,255,8,0,0,0,249,255,102,189,83,177,8,0,0,1,0,0,0,0,0,0,0,0,0,200,0,249,255,253,255,250,255,1,0,0,0,100,189,83,228,8,0,0,1,0,0,0,0,0,0,0,0,0,186,0,249,255,254,255,251,255,254,255,254,255,105,189,83,23,9,0,0,1,0,0,0,0,0,0,0,0,0,191,0,247,255,254,255,255,255,251,255,2,0,111,189,83,73,9,0,0,1,0,0,0,0,0,0,0,0,0,230,0,248,255,253,255,253,255,3,0,254,255,110,189,83,124,9,0,0,1,0,0,0,0,0,0,0,0,0,181,0,248,255,252,255,255,255,6,0,8,0,112,189,83,180,9,0,0,1,0,0,0,0,0,0,0,0,0,192,0,248,255,253,255,254,255,253,255,253,255,126,189,83,230,9,0,0,1,0,0,0,0,0,0,0,0,0,156,0,247,255,252,255,1,0,254,255,255,255,108,189,83,25,10,0,0,1,0,0,0,0,0,0,0,0,0,154,0,249,255,254,255,255,255,253,255,2,0,103,189
83,76,10,0,0,1,0,0,0,0,0,0,0,0,0,163,0,248,255,254,255,250,255,250,255,253,255,119,189,83,126,10,0,0,1,0,0,0,0,0,0,0,0,0,143,0,248,255,252,255,2,0,3,0,5,0,116,189,83,182,10,0,0,1,0,0,0,0,0,0,0,0,0,121,0,248,255,254,255,3,0,252,255,0,0,120,189,83,232,10,0,0,1,0,0,0,0,0,0,0,0,0,85,0,249,255,253,255,1,0,255,255,4,0,129,189,83,27,11,0,0,1,0,0,0,0,0,0,0,0,0,81,0,248,255,253,255,248,255,249,255,254,255,124,189,83,78,11,0,0,1,0,0,0,0,0,0,0,0,0,76,0,248,255,253,255,5,0,253,255,0,0,109,189,83,128,11,0,0,1,0,0,0,0,0,0,0,0,0,117,0,249,255,253,255,3,0,253,255,252,255,120,189,83,179,11,0,0,1,0,0,0,0,0,0,0,0,0,109,0,249,255,252,255,2,0,0,0,249,255,133,189,83,235,11,0,0,1,0,0,0,0,0,0,0,0,0,64,0,248,255,253,255,1,0,249
255,254,255,127,189,83,29,12,0,0,1,0,0,0,0,0,0,0,0,0,61,0,249,255,254,255,1,0,255,255,251,255,124,189,83,80,12,0,0,1,0,0,0,0,0,0,0,0,0,38,0,247,255,253,255,0,0,255,255,252,255,131,189,83,132,12,0,0,1,0,0,0,0,0,0,0,0,0,31,0,248,255,254,255,4,0,254,255,7,0,112,189,83,182,12,0,0,1,0,0,0,0,0,0,0,0,0,36,0,248,255,254,255,255,255,255,255,3,0,118,189,83,233,12,0,0,1,0,0,0,0,0,0,0,0,0,5,0,249,255,252,255,1,0,253,255,6,0,111,189,83,32,13,0,0,1,0,0,0,0,0,0,0,0,0,6,0,249,255,253,255,3,0,254,255,4,0,121,189,83,83,13,0,0,1,0,0,0,0,0,0,0,0,0,0,0,248,255,252,255,6,0,250,255,2,0,110,189,83,134,13,0,0,0,0,0,0,0,0,0,0,0,0,240,255,249,255,253,255,255,255,2,0,254,255,111,189,83,184,13,0,0,1,0,0,0,0,0,0,0,0,0,26,0,248,255
253,255,255,255,0,0,255,255,121,189,83,235,13,0,0,1,0,0,0,0,0,0,0,0,0,25,0,248,255,253,255,1,0,4,0,0,0,113,189,83,30,14,0,0,1,0,0,0,0,0,0,0,0,0,63,0,249,255,252,255,253,255,247,255,1,0,103,189,83,85,14,0,0,1,0,0,0,0,0,0,0,0,0,68,0,248,255,252,255,254,255,254,255,1,0,119,189,83,136,14,0,0,1,0,0,0,0,0,0,0,0,0,73,0,249,255,253,255,4,0,0,0,252,255,113,189,83,187,14,0,0,1,0,0,0,0,0,0,0,0,0,128,0,248,255,252,255,3,0,5,0,253,255,132,189,83,237,14,0,0,1,0,0,0,0,0,0,0,0,0,115,0,248,255,254,255,255,255,1,0,3,0,116,189,83,32,15,0,0,1,0,0,0,0,0,0,0,0,0,121,0,247,255,252,255,254,255,245,255,249,255,129,189,83,82,15,0,0,1,0,0,0,0,0,0,0,0,0,92,0,248,255,252,255,254,255,3,0,254,255,107,189,83,138,15,0,0,1,0,0,0,0,0,0,0,0
0,105,0,248,255,253,255,246,255,255,255,0,0,118,189,83,189,15,0,0,1,0,0,0,0,0,0,0,0,0,62,0,249,255,253,255,251,255,2,0,4,0,115,189,83,239,15,0,0,1,0,0,0,0,0,0,0,0,0,19,0,247,255,254,255,1,0,6,0,0,0,115,189,83,34,16,0,0,1,0,0,0,0,0,0,0,0,0,38,0,249,255,253,255,0,0,3,0,254,255,135,189,83,86,16,0,0,1,0,0,0,0,0,0,0,0,0,8,0,248,255,253,255,5,0,0,0,9,0,119,189,83,141,16,0,0,1,0,0,0,0,0,0,0,0,0,38,0,249,255,252,255,1,0,251,255,1,0,125,189,83,192,16,0,0,1,0,0,0,0,0,0,0,0,0,54,0,249,255,252,255,5,0,4,0,8,0,116,189,83,243,16,0,0,1,0,0,0,0,0,0,0,0,0,81,0,248,255,252,255,253,255,0,0,1,0,105,189,83,37,17,0,0,1,0,0,0,0,0,0,0,0,0,92,0,249,255,253,255,253,255,0,0,0,0,111,189,83,88,17,0,0,1,0,0,0
0,0,0,0,0,0,70,0,248,255,252,255,1,0,3,0,254,255,128,189,83,138,17,0,0,1,0,0,0,0,0,0,0,0,0,92,0,247,255,252,255,2,0,1,0,3,0,107,189,83,194,17,0,0,1,0,0,0,0,0,0,0,0,0,123,0,249,255,254,255,1,0,253,255,255,255,111,189,83,245,17,0,0,1,0,0,0,0,0,0,0,0,0,123,0,249,255,254,255,254,255,8,0,2,0,122,189,83,39,18,0,0,1,0,0,0,0,0,0,0,0,0,107,0,250,255,253,255,3,0,0,0,255,255,129,189,83,90,18,0,0,1,0,0,0,0,0,0,0,0,0,75,0,249,255,255,255,2,0,1,0,2,0,123,189,83,141,18,0,0,1,0,0,0,0,0,0,0,0,0,49,0,248,255,254,255,252,255,2,0,250,255,133,189,83,191,18,0,0,1,0,0,0,0,0,0,0,0,0,78,0,248,255,254,255,252,255,3,0,5,0,116,189,83,247,18,0,0,1,0,0,0,0,0,0,0,0,0,82,0,249,255,252,255,3,0,252,255,252,255,116,189,83,42,19,0
0,1,0,0,0,0,0,0,0,0,0,47,0,249,255,253,255,1,0,247,255,8,0,114,189,83,92,19,0,0,1,0,0,0,0,0,0,0,0,0,58,0,249,255,253,255,254,255,254,255,254,255,108,189,83,143,19,0,0,1,0,0,0,0,0,0,0,0,0,84,0,249,255,253,255,253,255,251,255,248,255,135,189,83,193,19,0,0,1,0,0,0,0,0,0,0,0,0,93,0,249,255,254,255,4,0,8,0,2,0,117,189,83,244,19,0,0,1,0,0,0,0,0,0,0,0,0,117,0,249,255,253,255,253,255,255,255,255,255,118,189,83,44,20,0,0,1,0,0,0,0,0,0,0,0,0,119,0,249,255,254,255,248,255,4,0,249,255,103,189,83,95,20,0,0,1,0,0,0,0,0,0,0,0,0,171,0,248,255,255,255,254,255,254,255,0,0,129,189,83,146,20,0,0,1,0,0,0,0,0,0,0,0,0,161,0,248,255,254,255,5,0,2,0,4,0,133,189,83,197,20,0,0,1,0,0,0,0,0,0,0,0,0,136,0,248,255,253,255,0,0,1,0,249,255,119
189,83,247,20,0,0,1,0,0,0,0,0,0,0,0,0,137,0,248,255,254,255,251,255,4,0,252,255,102,189,83,47,21,0,0,1,0,0,0,0,0,0,0,0,0,134,0,249,255,252,255,254,255,0,0,2,0,135,189,83,98,21,0,0,1,0,0,0,0,0,0,0,0,0,150,0,250,255,250,255,2,0,9,0,1,0,109,189,83,148,21,0,0,1,0,0,0,0,0,0,0,0,0,164,0,249,255,254,255,10,0,0,0,2,0,106,189,83,199,21,0,0,1,0,0,0,0,0,0,0,0,0,159,0,248,255,254,255,4,0,247,255,252,255,129,189,83,249,21,0,0,1,0,0,0,0,0,0,0,0,0,140,0,249,255,251,255,253,255,246,255,251,255,123,189,83,44,22,0,0,1,0,0,0,0,0,0,0,0,0,136,0,249,255,253,255,255,255,0,0,255,255,120,189,83,100,22,0,0,1,0,0,0,0,0,0,0,0,0,110,0,249,255,253,255,0,0,250,255,249,255,128,189,83,150,22,0,0,1,0,0,0,0,0,0,0,0,0,101,0,248,255,252,255,255,255
253,255,1,0,119,189,83,201,22,0,0,1,0,0,0,0,0,0,0,0,0,105,0,249,255,254,255,1,0,2,0,3,0,123,189,83,252,22,0,0,1,0,0,0,0,0,0,0,0,0,69,0,248,255,251,255,2,0,2,0,0,0,110,189,83,46,23,0,0,1,0,0,0,0,0,0,0,0,0,102,0,248,255,253,255,4,0,5,0,6,0,131,189,83,97,23,0,0,1,0,0,0,0,0,0,0,0,0,71,0,248,255,252,255,0,0,0,0,255,255,112,189,83,153,23,0,0,1,0,0,0,0,0,0,0,0,0,63,0,248,255,254,255,1,0,6,0,0,0,125,189,83,203,23,0,0,1,0,0,0,0,0,0,0,0,0,50,0,248,255,255,255,252,255,250,255,253,255,101,189,83,254,23,0,0,1,0,0,0,0,0,0,0,0,0,37,0,249,255,253,255,254,255,4,0,253,255,127,189,83,49,24,0,0,1,0,0,0,0,0,0,0,0,0,42,0,248,255,251,255,253,255,254,255,253,255,118,189,83,100,24,0,0,1,0,0,0,0,0,0,0,0,0,44,0,249
255,254,255,253,255,8,0,0,0,109,189,83,151,24,0,0,1,0,0,0,0,0,0,0,0,0,47,0,249,255,253,255,252,255,0,0,253,255,112,189,83,206,24,0,0,1,0,0,0,0,0,0,0,0,0,67,0,248,255,253,255,251,255,254,255,249,255,109,189,83,1,25,0,0,1,0,0,0,0,0,0,0,0,0,68,0,250,255,254,255,253,255,4,0,5,0,144,189,83,52,25,0,0,1,0,0,0,0,0,0,0,0,0,98,0,249,255,253,255,1,0,253,255,251,255,114,189,83,102,25,0,0,1,0,0,0,0,0,0,0,0,0,140,0,248,255,252,255,2,0,4,0,2,0,128,189,83,153,25,0,0,1,0,0,0,0,0,0,0,0,0,164,0,249,255,253,255,6,0,1,0,4,0,127,189,83,203,25,0,0,1,0,0,0,0,0,0,0,0,0,188,0,249,255,255,255,0,0,5,0,4,0,119,189,83,3,26,0,0,1,0,0,0,0,0,0,0,0,0,232,0,248,255,255,255,5,0,2,0,0,0,120,189,83,54,26,0,0,1,0,0,0,0,0,0,0
0,0,204,0,248,255,255,255,5,0,250,255,252,255,118,189,83,104,26,0,0,1,0,0,0,0,0,0,0,0,0,217,0,249,255,251,255,9,0,4,0,0,0,121,189,83,155,26,0,0,1,0,0,0,0,0,0,0,0,0,244,0,250,255,252,255,0,0,6,0,252,255,123,189,83,206,26,0,0,1,0,0,0,0,0,0,0,0,0,237,0,250,255,254,255,4,0,254,255,253,255,121,189,83,5,27,0,0,1,0,0,0,0,0,0,0,0,0,7,1,248,255,254,255,252,255,0,0,253,255,133,189,83,56,27,0,0,1,0,0,0,0,0,0,0,0,0,11,1,249,255,254,255,2,0,1,0,250,255,109,189,83,107,27,0,0,1,0,0,0,0,0,0,0,0,0,234,0,248,255,252,255,3,0,250,255,248,255,117,189,83,157,27,0,0,1,0,0,0,0,0,0,0,0,0,220,0,248,255,252,255,255,255,0,0,2,0,123,189,83,208,27,0,0,1,0,0,0,0,0,0,0,0,0,248,0,248,255,253,255,255,255,255,255,249,255,106,189,83,3,28,0,0,1,0,0
0,0,0,0,0,0,0,246,0,248,255,252,255,252,255,255,255,3,0,124,189,83,59,28,0,0,2,0,0,0,0,0,0,0,0,0,36,1,249,255,253,255,0,0,254,255,254,255,117,189,83,110,28,0,0,2,0,0,0,0,0,0,0,0,0,31,1,249,255,253,255,2,0,0,0,1,0,122,189,83,160,28,0,0,2,0,0,0,0,0,0,0,0,0,248,0,248,255,254,255,254,255,4,0,7,0,117,189,83,211,28,0,0,2,0,0,0,0,0,0,0,0,0,6,1,249,255,253,255,254,255,2,0,255,255,120,189,83,6,29,0,0,1,0,0,0,0,0,0,0,0,0,209,0,248,255,253,255,251,255,255,255,249,255,108,189,83,56,29,0,0,1,0,0,0,0,0,0,0,0,0,220,0,249,255,253,255,4,0,1,0,12,0,124,189,83,112,29,0,0,2,0,0,0,0,0,0,0,0,0,251,0,250,255,252,255,5,0,254,255,0,0,123,189,83,163,29,0,0,1,0,0,0,0,0,0,0,0,0,212,0,248,255,251,255,254,255,2,0,4,0,119,189,83,213,29
0,0,1,0,0,0,0,0,0,0,0,0,189,0,248,255,252,255,2,0,253,255,255,255,116,189,83,8,30,0,0,1,0,0,0,0,0,0,0,0,0,182,0,250,255,254,255,2,0,250,255,3,0,119,189,83,58,30,0,0,1,0,0,0,0,0,0,0,0,0,175,0,249,255,254,255,254,255,251,255,250,255,114,189,83,109,30,0,0,1,0,0,0,0,0,0,0,0,0,169,0,248,255,255,255,249,255,250,255,249,255,125,189,83,165,30,0,0,1,0,0,0,0,0,0,0,0,0,192,0,248,255,253,255,250,255,0,0,254,255,135,189,83,215,30,0,0,1,0,0,0,0,0,0,0,0,0,168,0,249,255,251,255,250,255,253,255,251,255,104,189,83,10,31,0,0,1,0,0,0,0,0,0,0,0,0,159,0,249,255,253,255,0,0,0,0,3,0,107,189,83,61,31,0,0,2,0,0,0,0,0,0,0,0,0,192,0,250,255,251,255,255,255,253,255,1,0,120,189,83,111,31,0,0,2,0,0,0,0,0,0,0,0,0,178,0,248,255,253,255,5,0,4,0,2,0
120,189,83,162,31,0,0,2,0,0,0,0,0,0,0,0,0,176,0,248,255,254,255,0,0,252,255,3,0,123,189,83,218,31,0,0,1,0,0,0,0,0,0,0,0,0,159,0,249,255,252,255,2,0,249,255,253,255,118,189,83,13,32,0,0,2,0,0,0,0,0,0,0,0,0,169,0,248,255,253,255,2,0,2,0,7,0,121,189,83,64,32,0,0,1,0,0,0,0,0,0,0,0,0,142,0,248,255,255,255,1,0,253,255,9,0,119,189,83,114,32,0,0,2,0,0,0,0,0,0,0,0,0,164,0,249,255,254,255,1,0,6,0,5,0,134,189,83,165,32,0,0,1,0,0,0,0,0,0,0,0,0,149,0,249,255,254,255,2,0,250,255,0,0,105,189,83,221,32,0,0,1,0,0,0,0,0,0,0,0,0,123,0,249,255,252,255,252,255,2,0,2,0,111,189,83,15,33,0,0,1,0,0,0,0,0,0,0,0,0,145,0,249,255,253,255,253,255,252,255,247,255,115,189,83,66,33,0,0,1,0,0,0,0,0,0,0,0,0,112,0,249,255,255,255,254
255,254,255,0,0,108,189,83,117,33,0,0,1,0,0,0,0,0,0,0,0,0,126,0,251,255,252,255,253,255,249,255,251,255,130,189,83,167,33,0,0,1,0,0,0,0,0,0,0,0,0,124,0,248,255,253,255,1,0,2,0,253,255,118,189,83,218,33,0,0,1,0,0,0,0,0,0,0,0,0,108,0,248,255,253,255,1,0,7,0,253,255,121,189,83,18,34,0,0,1,0,0,0,0,0,0,0,0,0,62,0,248,255,252,255,252,255,6,0,9,0,112,189,83,68,34,0,0,1,0,0,0,0,0,0,0,0,0,32,0,248,255,255,255,250,255,254,255,247,255,128,189,83,119,34,0,0,1,0,0,0,0,0,0,0,0,0,34,0,248,255,254,255,1,0,0,0,2,0,119,189,83,169,34,0,0,1,0,0,0,0,0,0,0,0,0,7,0,249,255,252,255,255,255,255,255,2,0,113,189,83,220,34,0,0,1,0,0,0,0,0,0,0,0,0,253,255,249,255,253,255,255,255,252,255,255,255,110,189,83,15,35,0,0,1,0,0,0,0,0,0,0,0,0,0,0
248,255,252,255,0,0,250,255,255,255,122,189,83,70,35,0,0,1,0,0,0,0,0,0,0,0,0,30,0,246,255,254,255,4,0,248,255,253,255,106,189,83,121,35,0,0,1,0,0,0,0,0,0,0,0,0,77,0,248,255,252,255,3,0,6,0,6,0,108,189,83,172,35,0,0,1,0,0,0,0,0,0,0,0,0,69,0,248,255,253,255,1,0,2,0,251,255,103,189,83,223,35,0,0,1,0,0,0,0,0,0,0,0,0,54,0,248,255,0,0,8,0,4,0,3,0,111,189,83,18,36,0,0,1,0,0,0,0,0,0,0,0,0,64,0,248,255,253,255,254,255,255,255,1,0,109,189,83,69,36,0,0,1,0,0,0,0,0,0,0,0,0,24,0,248,255,251,255,252,255,254,255,253,255,118,189,83,124,36,0,0,1,0,0,0,0,0,0,0,0,0,33,0,248,255,254,255,0,0,255,255,0,0,120,189,83,175,36,0,0,1,0,0,0,0,0,0,0,0,0,35,0,249,255,255,255,253,255,254,255,246,255,127,189,83,225,36,0,0,1,0,0,0,0,0,0
0,0,0,23,0,248,255,253,255,254,255,5,0,243,255,107,189,83,20,37,0,0,1,0,0,0,0,0,0,0,0,0,42,0,249,255,252,255,0,0,1,0,0,0,121,189,83,71,37,0,0,1,0,0,0,0,0,0,0,0,0,27,0,248,255,253,255,2,0,3,0,253,255,131,189,83,126,37,0,0,1,0,0,0,0,0,0,0,0,0,40,0,248,255,252,255,252,255,4,0,252,255,121,189,83,177,37,0,0,1,0,0,0,0,0,0,0,0,0,14,0,249,255,252,255,253,255,253,255,3,0,137,189,83,228,37,0,0,1,0,0,0,0,0,0,0,0,0,46,0,248,255,253,255,253,255,255,255,254,255,129,189,83,22,38,0,0,1,0,0,0,0,0,0,0,0,0,60,0,247,255,252,255,252,255,2,0,250,255,119,189,83,73,38,0,0,1,0,0,0,0,0,0,0,0,0,40,0,249,255,253,255,251,255,250,255,252,255,109,189,83,124,38,0,0,1,0,0,0,0,0,0,0,0,0,5,0,247,255,253,255,7,0,254,255,254,255,99,189,83,179,38,0,0,1,0
0,0,0,0,0,0,0,0,30,0,249,255,253,255,2,0,1,0,5,0,129,189,83,230,38,0,0,1,0,0,0,0,0,0,0,0,0,39,0,250,255,251,255,255,255,4,0,6,0,127,189,83,24,39,0,0,1,0,0,0,0,0,0,0,0,0,49,0,250,255,253,255,253,255,253,255,247,255,144,189,83,75,39,0,0,1,0,0,0,0,0,0,0,0,0,87,0,248,255,252,255,1,0,5,0,5,0,111,189,83,126,39,0,0,2,0,0,0,0,0,0,0,0,0,124,0,248,255,254,255,3,0,0,0,253,255,106,189,83,176,39,0,0,1,0,0,0,0,0,0,0,0,0,99,0,249,255,252,255,255,255,0,0,3,0,118,189,83,233,39,0,0,1,0,0,0,0,0,0,0,0,0,88,0,249,255,252,255,252,255,1,0,0,0,125,189,83,28,40,0,0,1,0,0,0,0,0,0,0,0,0,61,0,248,255,253,255,9,0,2,0,3,0,118,189,83,78,40,0,0,1,0,0,0,0,0,0,0,0,0,84,0,249,255,254,255,0,0,0,0,252,255,105,189,83,129
40,0,0,2,0,0,0,0,0,0,0,0,0,118,0,248,255,254,255,1,0,0,0,5,0,118,189,83,180,40,0,0,2,0,0,0,0,0,0,0,0,0,106,0,248,255,252,255,253,255,2,0,3,0,120,189,83,230,40,0,0,2,0,0,0,0,0,0,0,0,0,122,0,249,255,254,255,251,255,254,255,2,0,118,189,83,30,41,0,0,2,0,0,0,0,0,0,0,0,0,105,0,249,255,254,255,1,0,254,255,2,0,123,189,83,80,41,0,0,2,0,0,0,0,0,0,0,0,0,120,0,248,255,254,255,3,0,253,255,255,255,127,189,83,131,41,0,0,2,0,0,0,0,0,0,0,0,0,131,0,248,255,254,255,254,255,252,255,0,0,121,189,83,182,41,0,0,2,0,0,0,0,0,0,0,0,0,112,0,249,255,252,255,252,255,1,0,254,255,114,189,83,232,41,0,0,2,0,0,0,0,0,0,0,0,0,89,0,248,255,253,255,3,0,0,0,246,255,113,189,83,27,42,0,0,2,0,0,0,0,0,0,0,0,0,86,0,249,255,252,255,252,255,254,255,255
255,101,189,83,83,42,0,0,2,0,0,0,0,0,0,0,0,0,114,0,250,255,253,255,2,0,0,0,3,0,124,189,83,133,42,0,0,2,0,0,0,0,0,0,0,0,0,84,0,248,255,253,255,255,255,1,0,1,0,109,189,83,184,42,0,0,1,0,0,0,0,0,0,0,0,0,73,0,248,255,252,255,252,255,255,255,7,0,118,189,83,235,42,0,0,2,0,0,0,0,0,0,0,0,0,104,0,248,255,254,255,250,255,255,255,2,0,113,189,83,29,43,0,0,2,0,0,0,0,0,0,0,0,0,86,0,249,255,254,255,254,255,254,255,255,255,129,189,83,85,43,0,0,2,0,0,0,0,0,0,0,0,0,124,0,249,255,255,255,1,0,255,255,253,255,107,189,83,135,43,0,0,2,0,0,0,0,0,0,0,0,0,120,0,248,255,254,255,252,255,4,0,253,255,110,189,83,187,43,0,0,2,0,0,0,0,0,0,0,0,0,102,0,249,255,252,255,3,0,3,0,4,0,109,189,83,238,43,0,0,2,0,0,0,0,0,0,0,0,0,114,0,248,255,253,255
4,0,1,0,253,255,127,189,83,32,44,0,0,2,0,0,0,0,0,0,0,0,0,145,0,249,255,252,255,252,255,254,255,0,0,118,189,83,83,44,0,0,2,0,0,0,0,0,0,0,0,0,112,0,250,255,255,255,255,255,252,255,246,255,103,189,83,139,44,0,0,2,0,0,0,0,0,0,0,0,0,101,0,248,255,253,255,254,255,0,0,1,0,111,189,83,189,44,0,0,2,0,0,0,0,0,0,0,0,0,100,0,251,255,252,255,5,0,2,0,5,0,118,189,83,240,44,0,0,2,0,0,0,0,0,0,0,0,0,97,0,248,255,254,255,254,255,253,255,250,255,119,189,83,35,45,0,0,2,0,0,0,0,0,0,0,0,0,123,0,248,255,254,255,254,255,0,0,2,0,130,189,83,85,45,0,0,2,0,0,0,0,0,0,0,0,0,83,0,248,255,252,255,1,0,255,255,13,0,128,189,83,136,45,0,0,2,0,0,0,0,0,0,0,0,0,46,0,250,255,253,255,2,0,4,0,2,0,113,189,83,191,45,0,0,2,0,0,0,0,0,0,0,0,0,53
0,248,255,251,255,251,255,5,0,255,255,116,189,83,242,45,0,0,2,0,0,0,0,0,0,0,0,0,47,0,249,255,253,255,254,255,251,255,7,0,113,189,83,37,46,0,0,1,0,0,0,0,0,0,0,0,0,29,0,248,255,253,255,251,255,255,255,254,255,124,189,83,87,46,0,0,2,0,0,0,0,0,0,0,0,0,44,0,249,255,254,255,1,0,255,255,2,0,100,189,83,138,46,0,0,2,0,0,0,0,0,0,0,0,0,47,0,249,255,254,255,254,255,249,255,252,255,114,189,83,189,46,0,0,2,0,0,0,0,0,0,0,0,0,64,0,249,255,253,255,253,255,252,255,251,255,127,189,83,244,46,0,0,2,0,0,0,0,0,0,0,0,0,90,0,248,255,253,255,2,0,254,255,8,0,111,189,83,39,47,0,0,2,0,0,0,0,0,0,0,0,0,103,0,248,255,253,255,251,255,247,255,5,0,123,189,83,90,47,0,0,2,0,0,0,0,0,0,0,0,0,131,0,250,255,252,255,253,255,1,0,0,0,136,189,83,141,47,0,0,2,0,0,0,0,0
0,0,0,0,110,0,248,255,252,255,4,0,3,0,5,0,129,189,83,192,47,0,0,2,0,0,0,0,0,0,0,0,0,73,0,249,255,253,255,2,0,1,0,253,255,121,189,83,242,47,0,0,2,0,0,0,0,0,0,0,0,0,87,0,246,255,254,255,1,0,5,0,2,0,110,189,83,42,48,0,0,2,0,0,0,0,0,0,0,0,0,114,0,245,255,0,0,255,255,1,0,7,0,124,189,83,93,48,0,0,2,0,0,0,0,0,0,0,0,0,104,0,248,255,255,255,3,0,2,0,4,0,120,189,83,143,48,0,0,2,0,0,0,0,0,0,0,0,0,92,0,249,255,254,255,252,255,0,0,5,0,118,189,83,194,48,0,0,2,0,0,0,0,0,0,0,0,0,143,0,248,255,253,255,3,0,3,0,0,0,138,189,83,245,48,0,0,2,0,0,0,0,0,0,0,0,0,174,0,250,255,252,255,3,0,3,0,254,255,113,189,83,44,49,0,0,2,0,0,0,0,0,0,0,0,0,151,0,248,255,253,255,1,0,0,0,0,0,109,189,83,95,49,0,0,2
0,0,0,0,0,0,0,0,0,194,0,249,255,253,255,253,255,2,0,7,0,110,189,83,146,49,0,0,2,0,0,0,0,0,0,0,0,0,145,0,249,255,251,255,10,0,252,255,6,0,114,189,83,196,49,0,0,2,0,0,0,0,0,0,0,0,0,113,0,248,255,253,255,253,255,2,0,252,255,110,189,83,247,49,0,0,2,0,0,0,0,0,0,0,0,0,126,0,248,255,253,255,10,0,4,0,3,0,141,189,83,41,50,0,0,2,0,0,0,0,0,0,0,0,0,156,0,247,255,254,255,0,0,254,255,254,255,117,189,83,97,50,0,0,2,0,0,0,0,0,0,0,0,0,144,0,248,255,253,255,255,255,5,0,6,0,135,189,83,148,50,0,0,2,0,0,0,0,0,0,0,0,0,114,0,249,255,253,255,2,0,255,255,7,0,127,189,83,198,50,0,0,2,0,0,0,0,0,0,0,0,0,124,0,248,255,252,255,252,255,6,0,0,0,128,189,83,249,50,0,0,2,0,0,0,0,0,0,0,0,0,146,0,248,255,254,255,5,0,7,0,252,255,116,189,83
44,51,0,0,2,0,0,0,0,0,0,0,0,0,139,0,249,255,252,255,2,0,5,0,10,0,111,189,83,94,51,0,0,2,0,0,0,0,0,0,0,0,0,144,0,246,255,252,255,254,255,253,255,3,0,98,189,83,151,51,0,0,2,0,0,0,0,0,0,0,0,0,203,0,248,255,253,255,7,0,253,255,249,255,110,189,83,202,51,0,0,2,0,0,0,0,0,0,0,0,0,218,0,248,255,253,255,0,0,5,0,6,0,118,189,83,252,51,0,0,2,0,0,0,0,0,0,0,0,0,234,0,248,255,252,255,3,0,2,0,255,255,135,189,83,47,52,0,0,2,0,0,0,0,0,0,0,0,0,0,1,247,255,255,255,255,255,254,255,255,255,132,189,83,97,52,0,0,2,0,0,0,0,0,0,0,0,0,7,1,249,255,253,255,0,0,0,0,254,255,107,189,83,148,52,0,0,2,0,0,0,0,0,0,0,0,0,219,0,247,255,254,255,7,0,2,0,1,0,122,189,83,204,52,0,0,2,0,0,0,0,0,0,0,0,0,214,0,251,255,252,255,3,0,253,255
255,255,108,189,83,254,52,0,0,2,0,0,0,0,0,0,0,0,0,248,0,249,255,253,255,3,0,255,255,3,0,127,189,83,49,53,0,0,2,0,0,0,0,0,0,0,0,0,26,1,249,255,253,255,2,0,1,0,8,0,114,189,83,100,53,0,0,2,0,0,0,0,0,0,0,0,0,25,1,248,255,255,255,0,0,254,255,255,255,110,189,83,150,53,0,0,2,0,0,0,0,0,0,0,0,0,39,1,248,255,253,255,2,0,4,0,2,0,97,189,83,206,53,0,0,2,0,0,0,0,0,0,0,0,0,10,1,244,255,4,0,4,0,2,0,0,0,125,189,83,1,54,0,0,2,0,0,0,0,0,0,0,0,0,8,1,248,255,254,255,255,255,2,0,251,255,134,189,83,51,54,0,0,2,0,0,0,0,0,0,0,0,0,214,0,249,255,253,255,0,0,254,255,1,0,112,189,83,102,54,0,0,2,0,0,0,0,0,0,0,0,0,214,0,249,255,252,255,247,255,2,0,243,255,124,189,83,152,54,0,0,2,0,0,0,0,0,0,0,0,0,212,0,248,255,254
