70,0,16,138,0,0,121,16,0,0,223,9,0,0,0,254,83,31,136,0,0,1,0,0,0,0,0,53,2,0,0,61,0,115,16,0,0,126,0,4,0,0,0,7,0,255,255,251,255,224,190,83,82,136,0,0,1,0,0,0,0,0,147,255,0,0,49,0,121,16,0,0,129,0,1,0,255,255,6,0,254,255,2,0,228,190,83,132,136,0,0,1,0,0,0,0,0,116,1,0,0,32,0,115,16,0,0,127,0,3,0,255,255,9,0,3,0,4,0,0,191,83,184,136,0,0,0,0,0,0,0,0,231,255,0,0,251,255,121,16,0,0,126,0,252,255,254,255,255,255,254,255,3,0,225,190,83,235,136,0,0,1,0,0,0,1,0,137,0,0,0,32,0,121,16,0,0,119,0,255,255,253,255,1,0,253,255,254,255,241,190,83,34,137,0,0,1,0,0,0,0,0,54,253,0,0,255,255,121,16,0,0,129,0,11,0,7,0,10,0,0,0,254,255,235,190,83,85,137,0,0,1,0,0,0,0,0,154,254,0,0,10,0,121,16,0,0,126,0,19,0,253,255,255,255,2
0,6,0,235,190,83,136,137,0,0,1,0,0,0,16,0,201,2,0,0,197,1,127,16,0,0,224,0,16,0,250,255,244,255,8,0,3,0,92,190,83,186,137,0,0,1,0,0,0,56,0,187,2,2,0,95,2,121,16,0,0,142,1,241,255,248,255,48,0,4,0,11,0,58,189,83,237,137,0,0,1,0,0,0,92,0,140,2,6,0,73,2,121,16,0,0,42,2,219,255,203,255,113,0,0,0,8,0,61,188,69,76,0,0,0,0,1,0,0,0,66,6,83,32,138,0,0,2,0,0,0,125,0,168,0,12,0,159,0,127,16,0,0,181,2,202,255,221,255,94,0,10,0,8,0,165,187,83,87,138,0,0,3,0,0,0,155,0,236,0,20,0,5,1,120,16,0,0,67,3,129,0,25,0,73,0,4,0,240,255,132,186,83,138,138,0,0,4,0,0,0,202,0,160,2,29,0,242,2,128,16,0,0,174,3,1,0,255,255,59,0,4,0,213,255,204,185,83,188,138,0,0,6,0,0,0,191,0,25,2,39,0,229,2,127,16,0,0,81,3,3,0,0,0,8,0
247,255,203,255,104,186,83,239,138,0,0,8,0,0,0,154,0,146,1,47,0,167,3,133,16,0,0,213,2,2,0,8,0,181,255,227,255,184,255,55,187,83,34,139,0,0,11,0,0,0,135,0,143,2,54,0,199,3,133,16,0,0,143,2,5,0,2,0,131,255,208,255,169,255,146,187,83,89,139,0,0,14,0,0,0,125,0,73,2,62,0,20,0,133,16,0,0,109,2,9,0,2,0,112,255,191,255,150,255,193,187,83,140,139,0,0,17,0,0,0,120,0,47,3,68,0,154,0,140,16,0,0,91,2,8,0,8,0,88,255,178,255,140,255,228,187,83,191,139,0,0,21,0,0,0,115,0,19,1,73,0,207,3,141,16,0,0,72,2,10,0,2,0,106,255,169,255,139,255,17,188,83,241,139,0,0,24,0,0,0,112,0,238,0,79,0,60,2,146,16,0,0,62,2,23,0,255,255,178,255,161,255,153,255,4,188,83,36,140,0,0,29,0,0,0,110,0,206,0,85,0,101,0,146,16,0,0,49,2,35,0,249,255,244,255,154,255,183,255,36,188,83,87,140,0,0
33,0,0,0,109,0,83,0,90,0,155,2,160,16,0,0,50,2,40,0,247,255,43,0,169,255,236,255,50,188,83,142,140,0,0,38,0,0,0,107,0,12,1,96,0,88,2,160,16,0,0,41,2,18,0,219,255,74,0,193,255,51,0,54,188,83,194,140,0,0,43,0,0,0,106,0,157,0,101,0,6,3,153,16,0,0,39,2,2,0,217,255,221,255,243,255,78,0,62,188,83,244,140,0,0,47,0,0,0,106,0,21,0,106,0,230,2,159,16,0,0,35,2,247,255,226,255,153,255,8,0,84,0,58,188,83,39,141,0,0,52,0,0,0,103,0,104,2,111,0,150,2,160,16,0,0,22,2,241,255,234,255,155,255,28,0,75,0,99,188,83,90,141,0,0,57,0,0,0,103,0,70,3,116,0,209,1,167,16,0,0,20,2,239,255,234,255,199,255,37,0,40,0,87,188,83,140,141,0,0,62,0,0,0,101,0,227,3,121,0,14,1,173,16,0,0,25,2,234,255,238,255,228,255,40,0,3,0,94,188,83,196,141,0,0,69,0,0,0,102,0,10,1,126,0,121
2,186,16,0,0,19,2,232,255,246,255,37,0,40,0,226,255,93,188,83,247,141,0,0,74,0,0,0,100,0,82,0,131,0,51,1,180,16,0,0,21,2,251,255,252,255,50,0,9,0,195,255,111,188,83,41,142,0,0,80,0,0,0,101,0,42,1,135,0,166,3,186,16,0,0,24,2,3,0,247,255,35,0,227,255,191,255,86,188,83,92,142,0,0,86,0,0,0,100,0,88,1,140,0,45,2,186,16,0,0,12,2,9,0,246,255,240,255,204,255,212,255,93,188,83,143,142,0,0,92,0,0,0,98,0,139,3,145,0,54,0,199,16,0,0,7,2,31,0,247,255,188,255,202,255,232,255,111,188,83,198,142,0,0,99,0,0,0,98,0,205,2,150,0,74,0,193,16,0,0,6,2,16,0,236,255,57,255,225,255,18,0,123,188,83,249,142,0,0,106,0,0,0,98,0,188,3,154,0,207,1,201,16,0,0,4,2,5,0,239,255,54,255,238,255,35,0,88,188,83,43,143,0,0,112,0,0,0,98,0,78,1,158,0,33,3,206,16,0,0,11,2,250,255,235,255
69,255,244,255,39,0,119,188,83,94,143,0,0,119,0,0,0,97,0,195,1,163,0,108,0,219,16,0,0,9,2,232,255,238,255,117,255,1,0,9,0,116,188,83,145,143,0,0,126,0,0,0,97,0,222,2,167,0,221,1,214,16,0,0,6,2,239,255,233,255,221,255,24,0,221,255,141,188,83,195,143,0,0,133,0,0,0,94,0,67,1,171,0,77,2,227,16,0,0,1,2,247,255,238,255,17,0,57,0,206,255,139,188,83,251,143,0,0,141,0,0,0,97,0,230,2,176,0,163,0,233,16,0,0,3,2,8,0,248,255,214,255,37,0,211,255,123,188,83,46,144,0,0,149,0,0,0,98,0,108,3,180,0,107,1,240,16,0,0,8,2,20,0,0,0,154,255,253,255,239,255,113,188,83,96,144,0,0,156,0,0,0,98,0,20,2,184,0,27,2,240,16,0,0,4,2,16,0,248,255,90,255,220,255,4,0,108,188,83,148,144,0,0,164,0,0,0,93,0,70,3,188,0,92,2,253,16,0,0,172,1,254,255,244,255,48,255,212,255,12,0,239,188,83,199,144
0,0,172,0,0,0,255,255,59,253,189,0,180,0,3,17,0,0,62,0,16,0,246,255,70,255,230,255,13,0,76,191,69,66,183,6,0,0,172,0,0,0,67,6,83,249,144,0,0,179,0,0,0,217,255,57,254,186,0,173,2,16,17,0,0,228,255,250,255,247,255,83,255,5,0,11,0,225,191,83,49,145,0,0,187,0,0,0,215,255,148,254,183,0,0,2,17,17,0,0,225,255,7,0,246,255,162,255,27,0,2,0,240,191,83,99,145,0,0,195,0,0,0,215,255,214,252,180,0,93,2,24,17,0,0,217,255,7,0,253,255,224,255,27,0,2,0,245,191,83,150,145,0,0,202,0,0,0,215,255,66,255,177,0,198,2,30,17,0,0,220,255,4,0,254,255,237,255,5,0,251,255,244,191,83,201,145,0,0,209,0,0,0,215,255,115,252,174,0,66,3,44,17,0,0,221,255,17,0,3,0,221,255,235,255,245,255,231,191,83,251,145,0,0,216,0,0,0,215,255,16,255,172,0,17,0,50,17,0,0,222,255,7,0,246,255,219,255,238,255,0,0,238,191,83,46
146,0,0,223,0,0,0,216,255,127,255,169,0,218,0,51,17,0,0,229,255,8,0,244,255,205,255,4,0,254,255,244,191,83,102,146,0,0,230,0,0,0,216,255,140,254,166,0,145,0,64,17,0,0,222,255,6,0,246,255,201,255,24,0,3,0,239,191,83,152,146,0,0,237,0,0,0,216,255,70,252,163,0,99,1,77,17,0,0,222,255,3,0,251,255,238,255,20,0,2,0,222,191,83,203,146,0,0,243,0,0,0,215,255,210,255,160,0,72,2,77,17,0,0,226,255,12,0,248,255,19,0,9,0,247,255,238,191,83,254,146,0,0,250,0,0,0,216,255,201,253,157,0,89,3,84,17,0,0,224,255,7,0,251,255,18,0,253,255,236,255,243,191,83,48,147,0,0,0,1,0,0,216,255,129,255,155,0,147,0,90,17,0,0,227,255,11,0,249,255,244,255,251,255,1,0,244,191,83,99,147,0,0,6,1,0,0,217,255,199,252,152,0,142,1,97,17,0,0,224,255,1,0,248,255,239,255,244,255,0,0,236,191,83,154,147,0,0,13,1,0,0,217,255,67,253
149,0,183,1,103,17,0,0,226,255,1,0,251,255,6,0,5,0,253,255,220,191,83,205,147,0,0,19,1,0,0,216,255,249,255,146,0,219,2,111,17,0,0,224,255,5,0,251,255,41,0,17,0,245,255,234,191,83,0,148,0,0,24,1,0,0,216,255,250,255,144,0,70,0,118,17,0,0,226,255,15,0,255,255,20,0,3,0,3,0,236,191,83,50,148,0,0,30,1,0,0,217,255,37,253,141,0,169,1,124,17,0,0,228,255,5,0,254,255,1,0,252,255,13,0,245,191,83,101,148,0,0,36,1,0,0,217,255,245,253,138,0,35,3,131,17,0,0,231,255,1,0,249,255,249,255,249,255,6,0,246,191,83,158,148,0,0,42,1,0,0,217,255,183,253,135,0,146,3,138,17,0,0,234,255,247,255,247,255,26,0,255,255,250,255,245,191,83,208,148,0,0,47,1,0,0,217,255,149,253,133,0,47,1,145,17,0,0,224,255,2,0,248,255,41,0,1,0,229,255,233,191,83,3,149,0,0,52,1,0,0,217,255,32,254,130,0,187,2,152,17,0,0,229,255,3
0,246,255,66,0,14,0,231,255,252,191,83,54,149,0,0,58,1,0,0,218,255,190,252,128,0,175,0,152,17,0,0,234,255,6,0,247,255,60,0,14,0,238,255,218,191,83,104,149,0,0,63,1,0,0,218,255,87,253,125,0,116,2,158,17,0,0,233,255,16,0,250,255,48,0,14,0,3,0,228,191,83,155,149,0,0,67,1,0,0,218,255,199,254,123,0,99,0,165,17,0,0,229,255,10,0,249,255,32,0,15,0,14,0,246,191,83,210,149,0,0,73,1,0,0,218,255,94,253,120,0,48,1,166,17,0,0,232,255,6,0,251,255,16,0,8,0,9,0,227,191,83,5,150,0,0,77,1,0,0,217,255,12,255,117,0,6,3,172,17,0,0,229,255,252,255,247,255,33,0,254,255,4,0,245,191,83,56,150,0,0,82,1,0,0,218,255,191,253,115,0,34,1,179,17,0,0,233,255,2,0,248,255,45,0,5,0,246,255,228,191,83,106,150,0,0,87,1,0,0,218,255,242,252,112,0,45,3,186,17,0,0,234,255,2,0,248,255,65,0,1,0,226,255,235,191
83,157,150,0,0,91,1,0,0,219,255,73,252,110,0,102,1,186,17,0,0,233,255,1,0,246,255,75,0,8,0,242,255,226,191,83,208,150,0,0,95,1,0,0,219,255,80,254,107,0,182,3,199,17,0,0,234,255,4,0,247,255,55,0,8,0,247,255,226,191,83,7,151,0,0,100,1,0,0,219,255,99,253,105,0,91,1,193,17,0,0,234,255,9,0,247,255,33,0,22,0,255,255,213,191,83,58,151,0,0,104,1,0,0,219,255,2,254,102,0,200,3,199,17,0,0,234,255,3,0,251,255,21,0,17,0,2,0,224,191,83,109,151,0,0,108,1,0,0,218,255,244,255,100,0,81,2,206,17,0,0,233,255,5,0,250,255,32,0,6,0,255,255,228,191,83,159,151,0,0,112,1,0,0,219,255,174,252,98,0,222,0,219,17,0,0,236,255,3,0,251,255,45,0,0,0,246,255,235,191,83,210,151,0,0,116,1,0,0,219,255,148,255,95,0,218,3,220,17,0,0,233,255,4,0,249,255,62,0,1,0,243,255,216,191,83,4,152,0,0,120,1,0,0,218,255
143,255,93,0,170,2,226,17,0,0,238,255,10,0,247,255,65,0,252,255,236,255,224,191,83,60,152,0,0,124,1,0,0,219,255,203,255,91,0,214,0,227,17,0,0,234,255,252,255,248,255,58,0,6,0,250,255,229,191,83,112,152,0,0,128,1,0,0,220,255,35,253,89,0,2,0,234,17,0,0,237,255,4,0,250,255,56,0,9,0,242,255,229,191,83,162,152,0,0,131,1,0,0,219,255,149,255,86,0,4,3,240,17,0,0,239,255,6,0,250,255,70,0,6,0,247,255,212,191,83,213,152,0,0,135,1,0,0,220,255,48,252,84,0,90,2,240,17,0,0,236,255,249,255,252,255,73,0,9,0,246,255,207,191,83,8,153,0,0,138,1,0,0,220,255,59,253,82,0,202,1,247,17,0,0,237,255,8,0,250,255,64,0,4,0,247,255,208,191,83,63,153,0,0,142,1,0,0,220,255,118,252,80,0,71,0,254,17,0,0,240,255,0,0,253,255,46,0,254,255,251,255,204,191,83,114,153,0,0,145,1,0,0,220,255,118,253,77,0,220,3,254,17,0,0,243
255,8,0,247,255,43,0,245,255,245,255,200,191,83,165,153,0,0,149,1,0,0,220,255,134,252,75,0,78,3,254,17,0,0,238,255,1,0,249,255,46,0,248,255,244,255,198,191,83,215,153,0,0,152,1,0,0,220,255,13,254,73,0,218,2,5,18,0,0,243,255,5,0,247,255,50,0,245,255,246,255,205,191,83,10,154,0,0,155,1,0,0,220,255,7,253,71,0,119,2,6,18,0,0,239,255,253,255,247,255,48,0,254,255,247,255,215,191,83,60,154,0,0,158,1,0,0,220,255,238,253,69,0,38,2,12,18,0,0,236,255,1,0,246,255,69,0,7,0,245,255,206,191,83,116,154,0,0,161,1,0,0,220,255,234,254,67,0,249,0,19,18,0,0,241,255,255,255,249,255,75,0,7,0,232,255,227,191,83,167,154,0,0,164,1,0,0,221,255,113,252,65,0,183,0,25,18,0,0,241,255,5,0,247,255,83,0,13,0,241,255,226,191,83,217,154,0,0,166,1,0,0,220,255,175,254,63,0,185,0,19,18,0,0,243,255,255,255,250,255,70,0,0,0,236,255
227,191,83,12,155,0,0,169,1,0,0,220,255,158,254,61,0,193,0,33,18,0,0,241,255,5,0,252,255,53,0,1,0,238,255,218,191,83,63,155,0,0,172,1,0,0,220,255,107,254,59,0,215,0,26,18,0,0,240,255,3,0,250,255,34,0,243,255,250,255,201,191,83,113,155,0,0,174,1,0,0,220,255,209,254,57,0,228,0,33,18,0,0,243,255,0,0,250,255,36,0,244,255,246,255,200,191,83,169,155,0,0,177,1,0,0,221,255,156,252,55,0,65,0,33,18,0,0,243,255,0,0,249,255,43,0,252,255,250,255,221,191,83,220,155,0,0,179,1,0,0,220,255,247,255,53,0,118,0,40,18,0,0,241,255,254,255,249,255,48,0,255,255,245,255,232,191,83,14,156,0,0,182,1,0,0,221,255,29,252,51,0,160,0,40,18,0,0,242,255,253,255,247,255,61,0,253,255,250,255,202,191,83,66,156,0,0,184,1,0,0,221,255,78,252,49,0,209,0,40,18,0,0,241,255,253,255,252,255,62,0,255,255,249,255,201,191,83,116,156,0,0,186,1,0,0
220,255,20,255,47,0,13,1,46,18,0,0,241,255,254,255,254,255,71,0,254,255,241,255,203,191,83,167,156,0,0,188,1,0,0,221,255,236,252,45,0,60,1,54,18,0,0,243,255,5,0,251,255,79,0,245,255,236,255,212,191,83,223,156,0,0,190,1,0,0,220,255,197,255,43,0,30,1,54,18,0,0,241,255,2,0,252,255,72,0,245,255,246,255,211,191,83,17,157,0,0,192,1,0,0,220,255,183,255,41,0,160,1,54,18,0,0,242,255,8,0,251,255,62,0,249,255,246,255,213,191,83,68,157,0,0,194,1,0,0,221,255,101,253,39,0,46,2,54,18,0,0,242,255,8,0,249,255,56,0,248,255,6,0,200,191,83,119,157,0,0,196,1,0,0,221,255,171,252,37,0,205,2,60,18,0,0,243,255,5,0,247,255,40,0,242,255,248,255,206,191,83,169,157,0,0,198,1,0,0,221,255,163,253,35,0,139,3,61,18,0,0,243,255,1,0,249,255,49,0,249,255,254,255,214,191,83,220,157,0,0,199,1,0,0,221,255,178,252,34,0,56,0,61,18,0
0,244,255,1,0,251,255,52,0,240,255,244,255,211,191,83,20,158,0,0,201,1,0,0,221,255,42,253,32,0,36,0,61,18,0,0,242,255,255,255,253,255,58,0,237,255,245,255,218,191,83,70,158,0,0,202,1,0,0,220,255,235,255,30,0,145,0,61,18,0,0,244,255,250,255,249,255,68,0,239,255,241,255,196,191,83,121,158,0,0,204,1,0,0,221,255,115,253,28,0,75,1,68,18,0,0,243,255,1,0,247,255,79,0,243,255,240,255,214,191,83,171,158,0,0,205,1,0,0,221,255,44,253,26,0,16,2,69,18,0,0,240,255,5,0,249,255,70,0,241,255,236,255,216,191,83,222,158,0,0,206,1,0,0,221,255,193,253,24,0,200,2,68,18,0,0,242,255,5,0,251,255,69,0,248,255,240,255,206,191,83,22,159,0,0,207,1,0,0,221,255,5,254,22,0,164,2,69,18,0,0,244,255,6,0,248,255,56,0,248,255,240,255,208,191,83,72,159,0,0,209,1,0,0,221,255,226,253,20,0,148,3,75,18,0,0,246,255,5,0,249,255,54,0,246,255
252,255,195,191,83,123,159,0,0,210,1,0,0,221,255,99,253,19,0,195,0,75,18,0,0,245,255,4,0,249,255,45,0,252,255,5,0,212,191,83,174,159,0,0,211,1,0,0,221,255,87,254,17,0,220,1,75,18,0,0,244,255,6,0,250,255,46,0,247,255,253,255,196,191,83,224,159,0,0,212,1,0,0,221,255,81,254,15,0,209,2,82,18,0,0,243,255,5,0,253,255,44,0,242,255,4,0,191,191,83,19,160,0,0,212,1,0,0,221,255,245,253,14,0,8,0,75,18,0,0,244,255,255,255,251,255,44,0,239,255,1,0,212,191,83,76,160,0,0,213,1,0,0,221,255,75,254,12,0,63,0,75,18,0,0,244,255,255,255,253,255,52,0,243,255,255,255,195,191,83,126,160,0,0,214,1,0,0,221,255,184,254,10,0,32,1,75,18,0,0,244,255,1,0,254,255,59,0,242,255,250,255,191,191,83,177,160,0,0,214,1,0,0,221,255,145,254,8,0,56,2,83,18,0,0,246,255,7,0,253,255,64,0,238,255,248,255,202,191,83,227,160,0,0,215,1
0,0,221,255,55,254,6,0,49,3,83,18,0,0,243,255,3,0,255,255,66,0,237,255,252,255,213,191,83,22,161,0,0,215,1,0,0,221,255,152,254,5,0,145,0,83,18,0,0,243,255,2,0,250,255,61,0,238,255,248,255,193,191,83,73,161,0,0,216,1,0,0,221,255,209,253,3,0,157,1,83,18,0,0,244,255,255,255,253,255,66,0,240,255,0,0,224,191,83,128,161,0,0,216,1,0,0,221,255,239,253,1,0,8,2,90,18,0,0,246,255,1,0,251,255,61,0,230,255,250,255,186,191,69,65,158,23,0,0,216,1,0,0,67,6,83,179,161,0,0,217,1,0,0,221,255,255,254,0,0,17,2,76,18,0,0,244,255,5,0,248,255,66,0,243,255,252,255,194,191,83,230,161,0,0,220,1,0,0,222,255,214,252,0,0,219,0,84,18,0,0,244,255,5,0,249,255,63,0,233,255,2,0,212,191,83,24,162,0,0,219,1,0,0,222,255,183,252,255,255,149,253,83,18,0,0,242,255,7,0,249,255,50,0,241,255,9,0,216,191,83,75,162,0,0,220
1,0,0,222,255,9,253,253,255,164,255,90,18,0,0,244,255,4,0,248,255,48,0,254,255,17,0,189,191,83,125,162,0,0,221,1,0,0,222,255,44,254,253,255,142,252,91,18,0,0,244,255,7,0,249,255,38,0,244,255,15,0,203,191,83,181,162,0,0,219,1,0,0,222,255,18,253,250,255,72,253,91,18,0,0,243,255,1,0,253,255,43,0,252,255,13,0,194,191,83,232,162,0,0,220,1,0,0,222,255,58,254,249,255,50,254,84,18,0,0,244,255,1,0,249,255,53,0,251,255,9,0,209,191,83,26,163,0,0,220,1,0,0,222,255,229,253,247,255,47,254,84,18,0,0,242,255,3,0,251,255,43,0,252,255,3,0,207,191,83,77,163,0,0,220,1,0,0,222,255,138,254,246,255,114,253,91,18,0,0,243,255,1,0,250,255,48,0,250,255,1,0,202,191,83,128,163,0,0,219,1,0,0,222,255,90,254,244,255,241,253,84,18,0,0,243,255,7,0,252,255,46,0,238,255,0,0,203,191,83,178,163,0,0,220,1,0,0,222,255,82,255,243,255,74,254
84,18,0,0,244,255,3,0,0,0,48,0,236,255,6,0,220,191,83,234,163,0,0,219,1,0,0,222,255,47,255,241,255,75,254,79,18,0,0,243,255,1,0,247,255,59,0,235,255,253,255,205,191,83,30,164,0,0,218,1,0,0,222,255,18,255,239,255,14,255,79,18,0,0,245,255,4,0,251,255,57,0,234,255,5,0,225,191,83,80,164,0,0,219,1,0,0,223,255,248,252,239,255,56,254,79,18,0,0,244,255,9,0,249,255,50,0,234,255,15,0,189,191,83,131,164,0,0,216,1,0,0,222,255,84,255,236,255,80,254,79,18,0,0,243,255,8,0,247,255,46,0,233,255,15,0,191,191,83,181,164,0,0,217,1,0,0,223,255,4,253,236,255,212,252,79,18,0,0,245,255,7,0,246,255,19,0,241,255,14,0,196,191,83,237,164,0,0,214,1,0,0,222,255,76,255,232,255,233,255,80,18,0,0,243,255,0,0,247,255,16,0,5,0,25,0,213,191,83,32,165,0,0,213,1,0,0,222,255,97,255,231,255,113,253,85,18,0,0,244,255,4,0,247,255,30
0,5,0,26,0,190,191,83,82,165,0,0,211,1,0,0,222,255,215,254,229,255,217,252,79,18,0,0,243,255,2,0,249,255,35,0,6,0,17,0,191,191,83,133,165,0,0,211,1,0,0,222,255,186,255,228,255,243,252,73,18,0,0,244,255,4,0,246,255,43,0,4,0,11,0,192,191,83,184,165,0,0,208,1,0,0,222,255,53,255,226,255,102,252,72,18,0,0,245,255,0,0,250,255,57,0,11,0,11,0,207,191,83,234,165,0,0,210,1,0,0,223,255,226,253,226,255,30,254,80,18,0,0,244,255,1,0,253,255,57,0,1,0,2,0,206,191,83,34,166,0,0,209,1,0,0,223,255,221,253,224,255,168,254,66,18,0,0,243,255,7,0,2,0,53,0,247,255,9,0,208,191,83,85,166,0,0,206,1,0,0,223,255,14,253,222,255,71,253,73,18,0,0,244,255,10,0,254,255,38,0,237,255,10,0,218,191,83,135,166,0,0,205,1,0,0,223,255,143,253,221,255,68,252,73,18,0,0,243,255,9,0,247,255,24,0,224,255,16,0,214,191,83,186,166,0
0,206,1,0,0,223,255,133,255,220,255,0,0,66,18,0,0,243,255,6,0,246,255,18,0,234,255,29,0,206,191,83,236,166,0,0,203,1,0,0,223,255,64,255,219,255,142,252,66,18,0,0,243,255,5,0,248,255,7,0,245,255,34,0,206,191,83,31,167,0,0,200,1,0,0,223,255,23,254,216,255,3,254,73,18,0,0,243,255,3,0,246,255,3,0,250,255,29,0,196,191,83,87,167,0,0,195,1,0,0,223,255,96,252,213,255,244,252,60,18,0,0,243,255,2,0,246,255,24,0,7,0,24,0,198,191,83,137,167,0,0,194,1,0,0,223,255,12,253,212,255,102,252,60,18,0,0,243,255,255,255,248,255,40,0,16,0,10,0,196,191,83,188,167,0,0,193,1,0,0,223,255,16,254,211,255,12,253,61,18,0,0,244,255,3,0,250,255,52,0,18,0,2,0,222,191,83,239,167,0,0,192,1,0,0,223,255,6,255,210,255,140,253,61,18,0,0,244,255,4,0,250,255,51,0,10,0,3,0,203,191,83,34,168,0,0,190,1,0,0,223,255,118,255,209,255
99,252,54,18,0,0,244,255,4,0,250,255,42,0,3,0,252,255,214,191,83,85,168,0,0,189,1,0,0,224,255,170,252,208,255,108,253,61,18,0,0,244,255,5,0,250,255,30,0,246,255,11,0,212,191,83,141,168,0,0,184,1,0,0,223,255,211,254,205,255,103,252,48,18,0,0,243,255,3,0,250,255,43,0,250,255,9,0,207,191,83,191,168,0,0,183,1,0,0,223,255,126,255,203,255,225,255,48,18,0,0,243,255,1,0,252,255,32,0,251,255,254,255,220,191,83,242,168,0,0,179,1,0,0,223,255,224,254,201,255,54,255,42,18,0,0,241,255,5,0,249,255,43,0,243,255,10,0,213,191,83,36,169,0,0,176,1,0,0,223,255,235,254,200,255,194,252,42,18,0,0,244,255,9,0,252,255,36,0,238,255,9,0,213,191,83,87,169,0,0,175,1,0,0,224,255,143,252,199,255,52,255,42,18,0,0,242,255,9,0,249,255,24,0,240,255,17,0,208,191,83,143,169,0,0,173,1,0,0,224,255,253,252,198,255,111,253,42,18,0,0,244,255,5,0,247
255,15,0,251,255,27,0,211,191,83,193,169,0,0,171,1,0,0,224,255,150,253,197,255,224,252,29,18,0,0,242,255,2,0,246,255,17,0,4,0,35,0,205,191,83,244,169,0,0,166,1,0,0,224,255,135,252,194,255,193,254,29,18,0,0,241,255,255,255,246,255,54,0,20,0,19,0,190,191,83,39,170,0,0,164,1,0,0,224,255,24,253,193,255,14,254,29,18,0,0,242,255,254,255,251,255,53,0,29,0,4,0,202,191,83,89,170,0,0,162,1,0,0,224,255,228,253,192,255,37,254,29,18,0,0,243,255,253,255,253,255,69,0,24,0,3,0,208,191,83,140,170,0,0,157,1,0,0,224,255,235,252,190,255,111,252,22,18,0,0,242,255,2,0,254,255,69,0,5,0,255,255,215,191,83,196,170,0,0,154,1,0,0,224,255,132,253,188,255,31,255,17,18,0,0,244,255,3,0,255,255,58,0,245,255,254,255,224,191,83,246,170,0,0,151,1,0,0,224,255,240,253,187,255,5,254,16,18,0,0,243,255,8,0,251,255,35,0,228,255,250,255,214,191,83,41
171,0,0,148,1,0,0,224,255,226,253,185,255,77,255,17,18,0,0,243,255,2,0,246,255,31,0,235,255,17,0,205,191,83,91,171,0,0,145,1,0,0,224,255,85,254,184,255,84,254,10,18,0,0,240,255,7,0,246,255,10,0,249,255,13,0,205,191,83,142,171,0,0,142,1,0,0,224,255,230,254,183,255,189,253,10,18,0,0,242,255,5,0,246,255,251,255,7,0,30,0,201,191,83,193,171,0,0,138,1,0,0,224,255,248,254,181,255,122,255,253,17,0,0,240,255,2,0,247,255,245,255,22,0,23,0,211,191,83,249,171,0,0,132,1,0,0,224,255,101,253,178,255,31,255,3,18,0,0,241,255,252,255,246,255,12,0,28,0,13,0,224,191,83,44,172,0,0,128,1,0,0,224,255,206,253,177,255,1,254,253,17,0,0,11,0,252,255,251,255,23,0,21,0,10,0,166,191,83,95,172,0,0,105,1,0,0,220,255,171,255,164,255,102,253,10,18,0,0,215,255,150,255,69,0,33,0,92,1,207,1,252,191,83,145,172,0,0,182,1,0,0,236,255,165,252
212,255,112,252,241,17,0,0,228,252,239,254,216,1,14,1,146,253,33,248,94,194,83,196,172,0,0,209,1,0,0,241,255,63,255,229,255,104,253,3,18,0,0,0,248,0,248,118,253,35,3,48,7,232,7,228,230,83,247,172,0,0,167,1,0,0,234,255,247,252,203,255,168,254,56,18,0,0,77,248,18,6,225,1,10,253,198,254,46,248,124,201,83,46,173,0,0,176,1,0,0,236,255,121,253,209,255,9,254,11,18,0,0,9,252,13,1,217,2,19,251,2,250,206,2,115,197,83,97,173,0,0,177,1,0,0,237,255,181,252,211,255,29,252,23,18,0,0,10,252,136,0,142,252,27,251,215,253,21,254,197,197,83,147,173,0,0,157,1,0,0,233,255,212,254,198,255,16,255,4,18,0,0,70,253,131,0,8,255,60,254,136,3,107,0,6,196,83,198,173,0,0,133,1,0,0,229,255,143,255,185,255,215,252,247,17,0,0,204,252,1,0,66,0,240,253,78,2,117,255,212,196,83,249,173,0,0,124,1,0,0,228,255,17,255,180,255,179,252,247,17,0,0,215,253,212
0,122,0,231,254,18,1,95,1,47,195,83,43,174,0,0,118,1,0,0,228,255,167,253,177,255,82,254,242,17,0,0,208,253,86,0,207,0,77,0,156,255,125,3,2,195,83,99,174,0,0,116,1,0,0,228,255,49,255,177,255,55,253,242,17,0,0,49,254,99,255,168,0,15,1,4,254,95,2,138,194,83,150,174,0,0,116,1,0,0,229,255,211,254,178,255,82,255,242,17,0,0,229,254,136,255,110,0,48,1,12,254,214,0,112,193,83,200,174,0,0,112,1,0,0,229,255,37,254,176,255,154,255,235,17,0,0,242,254,181,255,80,0,23,1,98,254,196,255,97,193,83,251,174,0,0,107,1,0,0,229,255,165,253,175,255,141,252,228,17,0,0,231,254,243,255,38,0,214,0,123,254,218,255,105,193,83,46,175,0,0,104,1,0,0,229,255,121,254,174,255,186,253,228,17,0,0,28,255,240,255,16,0,180,0,163,254,91,0,23,193,83,101,175,0,0,104,1,0,0,230,255,176,253,175,255,23,254,228,17,0,0,254,254,213,255,1,0,150,0,177,254,74,0,99,193
83,152,175,0,0,103,1,0,0,231,255,48,252,176,255,208,252,222,17,0,0,119,255,203,255,254,255,116,0,209,254,5,0,161,192,83,203,175,0,0,103,1,0,0,231,255,62,255,177,255,189,253,229,17,0,0,57,255,184,255,236,255,75,0,231,254,75,255,248,192,83,254,175,0,0,103,1,0,0,232,255,79,254,178,255,160,254,216,17,0,0,133,255,205,255,221,255,31,0,102,255,158,254,123,192,83,49,176,0,0,97,1,0,0,232,255,163,252,176,255,45,252,223,17,0,0,53,255,232,255,200,255,34,0,209,255,71,254,250,192,83,99,176,0,0,98,1,0,0,233,255,118,252,177,255,155,255,223,17,0,0,123,255,11,0,198,255,88,0,84,0,125,254,157,192,83,155,176,0,0,97,1,0,0,233,255,101,255,179,255,56,252,223,17,0,0,89,255,38,0,198,255,173,0,167,0,233,254,191,192,83,206,176,0,0,95,1,0,0,234,255,100,252,178,255,142,254,216,17,0,0,126,255,57,0,223,255,31,1,222,0,98,255,147,192,83,0,177,0,0,95,1,0,0,234,255
244,255,180,255,220,253,216,17,0,0,156,255,31,0,225,255,110,1,214,0,62,255,83,192,83,51,177,0,0,92,1,0,0,235,255,144,252,179,255,38,255,210,17,0,0,121,255,34,0,229,255,172,1,150,0,42,255,152,192,83,102,177,0,0,90,1,0,0,235,255,99,253,179,255,132,253,216,17,0,0,154,255,16,0,220,255,237,1,98,0,68,255,108,192,83,152,177,0,0,86,1,0,0,235,255,198,253,178,255,121,254,210,17,0,0,111,255,254,255,223,255,240,1,51,0,69,255,161,192,83,208,177,0,0,86,1,0,0,236,255,228,252,179,255,211,255,210,17,0,0,99,255,234,255,229,255,192,1,23,0,21,255,199,192,83,2,178,0,0,85,1,0,0,236,255,187,254,180,255,219,253,210,17,0,0,115,255,228,255,243,255,134,1,221,255,210,254,178,192,83,53,178,0,0,84,1,0,0,237,255,238,252,181,255,212,252,204,17,0,0,84,255,241,255,246,255,103,1,121,255,174,254,206,192,83,104,178,0,0,82,1,0,0,237,255,173,254,181,255,162,254,203,17,0,0,155
255,248,255,237,255,108,1,62,255,228,254,98,192,83,154,178,0,0,81,1,0,0,238,255,246,252,182,255,18,254,204,17,0,0,89,255,250,255,208,255,139,1,101,255,24,255,178,192,83,205,178,0,0,81,1,0,0,238,255,187,255,183,255,139,255,203,17,0,0,108,255,238,255,194,255,144,1,232,255,49,255,149,192,83,5,179,0,0,81,1,0,0,239,255,82,254,184,255,222,255,204,17,0,0,116,255,234,255,213,255,81,1,17,0,232,254,157,192,83,55,179,0,0,79,1,0,0,239,255,164,255,185,255,223,252,197,17,0,0,109,255,240,255,221,255,57,1,20,0,168,254,172,192,83,106,179,0,0,77,1,0,0,240,255,239,252,185,255,108,253,197,17,0,0,131,255,255,255,228,255,85,1,248,255,175,254,124,192,83,157,179,0,0,77,1,0,0,240,255,91,255,186,255,32,254,197,17,0,0,103,255,17,0,220,255,140,1,210,255,252,254,173,192,83,208,179,0,0,75,1,0,0,241,255,177,252,186,255,3,255,197,17,0,0,145,255,7,0,215,255,209,1,239,255,110,255
112,192,83,3,180,0,0,74,1,0,0,241,255,115,254,187,255,186,253,196,17,0,0,142,255,248,255,215,255,194,1,227,255,130,255,130,192,83,58,180,0,0,72,1,0,0,242,255,94,252,188,255,120,252,196,17,0,0,117,255,229,255,213,255,139,1,220,255,119,255,135,192,83,109,180,0,0,72,1,0,0,242,255,240,254,189,255,6,254,191,17,0,0,144,255,225,255,242,255,60,1,183,255,65,255,114,192,83,160,180,0,0,69,1,0,0,242,255,224,254,188,255,237,254,197,17,0,0,95,255,220,255,247,255,230,0,112,255,28,255,192,192,83,210,180,0,0,70,1,0,0,243,255,136,254,190,255,240,255,191,17,0,0,143,255,221,255,240,255,173,0,84,255,241,254,99,192,83,5,181,0,0,69,1,0,0,244,255,71,252,191,255,205,254,191,17,0,0,73,255,219,255,224,255,112,0,102,255,209,254,200,192,83,61,181,0,0,68,1,0,0,244,255,154,253,192,255,105,252,197,17,0,0,100,255,233,255,202,255,120,0,210,255,177,254,160,192,83,111,181,0,0,65,1,0,0
244,255,72,254,192,255,47,252,191,17,0,0,96,255,239,255,199,255,129,0,70,0,155,254,156,192,83,162,181,0,0,63,1,0,0,244,255,62,255,192,255,226,252,191,17,0,0,122,255,4,0,210,255,181,0,134,0,183,254,132,192,83,213,181,0,0,61,1,0,0,245,255,105,252,192,255,2,254,184,17,0,0,147,255,8,0,214,255,223,0,121,0,217,254,89,192,83,7,182,0,0,62,1,0,0,245,255,77,255,194,255,72,253,184,17,0,0,122,255,28,0,215,255,42,1,123,0,36,255,143,192,83,58,182,0,0,60,1,0,0,245,255,242,255,194,255,53,253,184,17,0,0,130,255,37,0,215,255,142,1,164,0,119,255,121,192,83,113,182,0,0,59,1,0,0,246,255,54,254,195,255,254,253,184,17,0,0,100,255,11,0,226,255,170,1,174,0,58,255,160,192,83,164,182,0,0,58,1,0,0,246,255,20,255,195,255,199,254,178,17,0,0,76,255,5,0,234,255,191,1,98,0,11,255,218,192,83,215,182,0,0,55,1,0,0,246,255,130,255,195,255,45,254,171,17,0
0,136,255,254,255,237,255,204,1,23,0,240,254,113,192,83,9,183,0,0,54,1,0,0,247,255,116,253,196,255,80,254,178,17,0,0,104,255,255,255,228,255,203,1,206,255,251,254,174,192,83,60,183,0,0,54,1,0,0,247,255,48,255,197,255,45,254,178,17,0,0,129,255,242,255,212,255,207,1,212,255,4,255,154,192,83,111,183,0,0,53,1,0,0,248,255,180,252,198,255,29,253,171,17,0,0,106,255,234,255,207,255,157,1,218,255,238,254,169,192,83,167,183,0,0,52,1,0,0,248,255,61,254,199,255,69,252,171,17,0,0,137,255,238,255,213,255,115,1,236,255,191,254,120,192,83,218,183,0,0,49,1,0,0,248,255,120,254,198,255,70,255,171,17,0,0,124,255,234,255,215,255,69,1,229,255,175,254,118,192,83,13,184,0,0,48,1,0,0,248,255,212,255,199,255,43,254,171,17,0,0,124,255,243,255,212,255,85,1,235,255,209,254,134,192,83,63,184,0,0,49,1,0,0,249,255,163,254,201,255,162,253,171,17,0,0,139,255,239,255,214,255,112,1,253,255
253,254,108,192,83,114,184,0,0,48,1,0,0,250,255,90,252,202,255,139,253,171,17,0,0,114,255,244,255,214,255,109,1,6,0,28,255,146,192,83,164,184,0,0,47,1,0,0,250,255,96,253,202,255,139,255,170,17,0,0,126,255,235,255,219,255,68,1,29,0,12,255,149,192,83,220,184,0,0,44,1,0,0,250,255,42,253,202,255,112,253,165,17,0,0,108,255,235,255,232,255,10,1,9,0,225,254,163,192,69,77,209,46,0,0,43,1,0,0,65,6,83,15,185,0,0,44,1,0,0,250,255,102,255,203,255,115,255,164,17,0,0,116,255,246,255,230,255,254,0,231,255,217,254,146,192,83,65,185,0,0,43,1,0,0,251,255,126,252,204,255,147,253,171,17,0,0,127,255,246,255,225,255,10,1,230,255,228,254,131,192,83,116,185,0,0,41,1,0,0,251,255,151,253,205,255,34,252,158,17,0,0,99,255,255,255,216,255,38,1,3,0,236,254,171,192,83,167,185,0,0,40,1,0,0,251,255,50,254,205,255,254,252,164,17,0,0,160,255,250,255,221,255,76,1,34
0,241,254,86,192,83,222,185,0,0,40,1,0,0,252,255,71,252,206,255,102,254,165,17,0,0,109,255,252,255,217,255,92,1,43,0,224,254,172,192,83,17,186,0,0,38,1,0,0,252,255,227,252,206,255,107,255,165,17,0,0,130,255,1,0,218,255,144,1,56,0,250,254,120,192,83,68,186,0,0,36,1,0,0,252,255,55,253,206,255,141,255,151,17,0,0,113,255,248,255,220,255,157,1,41,0,236,254,150,192,83,118,186,0,0,35,1,0,0,252,255,209,254,207,255,239,255,157,17,0,0,138,255,251,255,226,255,184,1,4,0,2,255,125,192,83,169,186,0,0,33,1,0,0,252,255,212,254,207,255,35,255,157,17,0,0,163,255,242,255,230,255,192,1,212,255,32,255,69,192,83,219,186,0,0,33,1,0,0,253,255,246,252,209,255,27,253,151,17,0,0,124,255,234,255,221,255,151,1,196,255,52,255,146,192,83,19,187,0,0,33,1,0,0,253,255,171,254,210,255,240,253,152,17,0,0,138,255,232,255,218,255,91,1,215,255,19,255,114,192,83,70,187,0,0,31
1,0,0,253,255,69,255,210,255,53,255,157,17,0,0,106,255,229,255,226,255,4,1,208,255,210,254,171,192,83,120,187,0,0,30,1,0,0,253,255,155,255,210,255,177,255,151,17,0,0,103,255,236,255,228,255,236,0,195,255,167,254,149,192,83,172,187,0,0,28,1,0,0,254,255,80,252,211,255,47,253,144,17,0,0,138,255,244,255,227,255,240,0,189,255,186,254,104,192,83,223,187,0,0,26,1,0,0,254,255,90,252,211,255,186,252,144,17,0,0,118,255,2,0,216,255,23,1,201,255,234,254,145,192,83,17,188,0,0,28,1,0,0,254,255,155,255,213,255,238,254,151,17,0,0,144,255,248,255,209,255,58,1,4,0,27,255,119,192,83,73,188,0,0,22,1,0,0,254,255,24,253,211,255,25,254,144,17,0,0,123,255,249,255,212,255,23,1,35,0,246,254,113,192,83,124,188,0,0,21,1,0,0,254,255,203,253,211,255,224,255,144,17,0,0,140,255,1,0,215,255,33,1,57,0,231,254,119,192,83,174,188,0,0,21,1,0,0,254,255,118,255,213,255,252,252
144,17,0,0,143,255,253,255,218,255,47,1,58,0,219,254,110,192,83,225,188,0,0,21,1,0,0,255,255,82,253,214,255,108,254,144,17,0,0,108,255,254,255,217,255,58,1,74,0,206,254,160,192,83,19,189,0,0,19,1,0,0,255,255,73,253,214,255,253,253,137,17,0,0,124,255,1,0,222,255,121,1,82,0,227,254,144,192,83,70,189,0,0,18,1,0,0,255,255,198,253,214,255,65,255,137,17,0,0,94,255,254,255,229,255,145,1,62,0,227,254,191,192,83,126,189,0,0,15,1,0,0,255,255,73,253,214,255,92,253,137,17,0,0,114,255,253,255,229,255,184,1,8,0,255,254,169,192,83,176,189,0,0,15,1,0,0,255,255,112,255,216,255,58,252,131,17,0,0,122,255,249,255,230,255,214,1,221,255,45,255,143,192,83,227,189,0,0,13,1,0,0,255,255,83,255,215,255,140,255,137,17,0,0,126,255,243,255,229,255,208,1,170,255,79,255,164,192,83,22,190,0,0,13,1,0,0,0,0,179,252,216,255,148,255,131,17,0,0,134,255,234,255,225,255,168
1,148,255,104,255,127,192,83,72,190,0,0,12,1,0,0,0,0,205,253,217,255,17,255,131,17,0,0,162,255,233,255,233,255,107,1,127,255,105,255,78,192,83,123,190,0,0,11,1,0,0,0,0,111,254,218,255,24,253,137,17,0,0,146,255,220,255,236,255,44,1,115,255,136,255,97,192,83,179,190,0,0,10,1,0,0,0,0,16,255,218,255,23,255,136,17,0,0,137,255,216,255,230,255,191,0,142,255,103,255,126,192,83,229,190,0,0,8,1,0,0,0,0,220,254,218,255,100,254,131,17,0,0,129,255,222,255,232,255,77,0,135,255,20,255,142,192,83,24,191,0,0,7,1,0,0,0,0,79,255,218,255,208,255,123,17,0,0,131,255,227,255,235,255,3,0,142,255,224,254,118,192,83,74,191,0,0,3,1,0,0,0,0,120,254,218,255,10,253,123,17,0,0,151,255,234,255,226,255,248,255,164,255,217,254,98,192,83,126,191,0,0,3,1,0,0,0,0,148,255,219,255,173,252,117,17,0,0,108,255,251,255,209,255,9,0,231,255,243,254,163,192,83,182,191,0
0,2,1,0,0,0,0,45,0,219,255,150,254,117,17,0,0,112,255,7,0,200,255,61,0,108,0,29,255,146,192,83,232,191,0,0,255,0,0,0,0,0,192,255,219,255,47,253,118,17,0,0,95,255,17,0,209,255,106,0,238,0,253,254,183,192,83,27,192,0,0,255,0,0,0,0,0,238,0,220,255,36,253,117,17,0,0,99,255,12,0,220,255,151,0,42,1,250,254,177,192,83,78,192,0,0,254,0,0,0,0,0,106,1,220,255,186,254,117,17,0,0,97,255,30,0,238,255,216,0,33,1,252,254,179,192,83,128,192,0,0,255,0,0,0,0,0,116,3,222,255,165,253,123,17,0,0,97,255,48,0,241,255,55,1,204,0,66,255,192,192,83,179,192,0,0,253,0,0,0,0,0,25,3,222,255,174,252,117,17,0,0,149,255,40,0,238,255,149,1,172,0,150,255,100,192,83,235,192,0,0,252,0,0,0,0,0,195,3,222,255,254,254,117,17,0,0,111,255,43,0,231,255,221,1,186,0,165,255,163,192,83,29,193,0,0,248,0,0,0,0,0,74,2,221,255
76,254,117,17,0,0,148,255,26,0,224,255,20,2,199,0,100,255,121,192,83,80,193,0,0,246,0,0,0,0,0,105,2,221,255,209,254,110,17,0,0,100,255,22,0,217,255,49,2,149,0,15,255,198,192,83,130,193,0,0,245,0,0,0,0,0,164,2,221,255,177,255,110,17,0,0,111,255,14,0,211,255,95,2,95,0,237,254,161,192,83,181,193,0,0,243,0,0,0,0,0,56,2,221,255,116,254,110,17,0,0,123,255,251,255,211,255,88,2,58,0,195,254,151,192,83,232,193,0,0,242,0,0,0,0,0,15,3,222,255,101,253,103,17,0,0,96,255,236,255,218,255,61,2,244,255,171,254,208,192,83,31,194,0,0,241,0,0,0,0,0,166,3,222,255,122,255,97,17,0,0,146,255,234,255,222,255,45,2,155,255,211,254,115,192,83,82,194,0,0,239,0,0,0,0,0,104,3,222,255,214,254,103,17,0,0,107,255,231,255,212,255,247,1,116,255,2,255,162,192,83,133,194,0,0,240,0,0,0,1,0,105,1,224,255,104,253,103,17,0,0,141,255,227,255,212
255,175,1,162,255,12,255,101,192,83,183,194,0,0,237,0,0,0,1,0,130,0,223,255,161,254,103,17,0,0,103,255,215,255,218,255,78,1,161,255,232,254,172,192,83,234,194,0,0,237,0,0,0,1,0,239,1,224,255,152,255,103,17,0,0,93,255,227,255,218,255,24,1,188,255,220,254,200,192,83,28,195,0,0,236,0,0,0,1,0,59,2,225,255,246,252,97,17,0,0,99,255,231,255,226,255,242,0,178,255,210,254,178,192,83,85,195,0,0,233,0,0,0,1,0,79,1,224,255,51,254,97,17,0,0,114,255,242,255,221,255,239,0,170,255,224,254,190,192,83,136,195,0,0,231,0,0,0,1,0,100,1,224,255,180,254,97,17,0,0,125,255,240,255,217,255,245,0,188,255,11,255,139,192,83,186,195,0,0,230,0,0,0,1,0,145,1,224,255,142,255,89,17,0,0,76,255,243,255,203,255,245,0,234,255,16,255,186,192,83,237,195,0,0,228,0,0,0,1,0,167,1,225,255,46,252,97,17,0,0,147,255,251,255,204,255,248,0,54,0,6,255,107,192,83,32
196,0,0,229,0,0,0,1,0,113,3,226,255,104,254,89,17,0,0,85,255,243,255,211,255,187,0,110,0,174,254,221,192,83,82,196,0,0,226,0,0,0,1,0,248,1,225,255,226,253,90,17,0,0,135,255,251,255,218,255,219,0,126,0,162,254,101,192,83,138,196,0,0,226,0,0,0,1,0,69,3,226,255,141,254,96,17,0,0,79,255,17,0,215,255,24,1,127,0,188,254,216,192,83,189,196,0,0,225,0,0,0,1,0,106,3,226,255,100,255,89,17,0,0,130,255,20,0,216,255,99,1,126,0,31,255,126,192,83,239,196,0,0,220,0,0,0,1,0,58,1,225,255,147,252,90,17,0,0,86,255,23,0,213,255,130,1,149,0,39,255,183,192,83,34,197,0,0,220,0,0,0,1,0,36,2,225,255,214,255,89,17,0,0,103,255,18,0,221,255,164,1,170,0,26,255,161,192,83,84,197,0,0,221,0,0,0,2,0,82,0,227,255,30,255,84,17,0,0,127,255,5,0,230,255,186,1,126,0,249,254,129,192,83,140,197,0,0,220,0,0,0,2,0,186,0
228,255,248,252,83,17,0,0,98,255,14,0,231,255,230,1,26,0,9,255,184,192,83,191,197,0,0,217,0,0,0,1,0,177,3,227,255,57,254,76,17,0,0,138,255,5,0,216,255,14,2,248,255,55,255,122,192,83,241,197,0,0,215,0,0,0,1,0,111,3,227,255,197,253,76,17,0,0,97,255,245,255,213,255,3,2,233,255,48,255,175,192,83,36,198,0,0,216,0,0,0,2,0,169,0,228,255,234,253,76,17,0,0,123,255,228,255,221,255,212,1,231,255,29,255,148,192,83,87,198,0,0,214,0,0,0,2,0,117,0,228,255,169,253,83,17,0,0,108,255,226,255,238,255,142,1,171,255,1,255,168,192,83,137,198,0,0,212,0,0,0,2,0,60,0,228,255,88,253,76,17,0,0,117,255,233,255,236,255,100,1,102,255,10,255,159,192,83,193,198,0,0,211,0,0,0,2,0,239,0,229,255,39,252,77,17,0,0,131,255,230,255,232,255,69,1,84,255,34,255,112,192,83,244,198,0,0,211,0,0,0,2,0,207,1,229,255,114,255,76,17,0,0,98,255,228
255,216,255,42,1,131,255,45,255,182,192,83,38,199,0,0,209,0,0,0,2,0,13,1,229,255,120,253,70,17,0,0,124,255,223,255,221,255,233,0,177,255,14,255,143,192,83,90,199,0,0,207,0,0,0,2,0,111,0,228,255,208,255,63,17,0,0,106,255,234,255,224,255,170,0,200,255,216,254,154,192,83,140,199,0,0,206,0,0,0,2,0,162,0,229,255,249,252,70,17,0,0,134,255,237,255,220,255,169,0,233,255,212,254,122,192,83,191,199,0,0,204,0,0,0,2,0,154,0,229,255,74,253,70,17,0,0,91,255,246,255,216,255,189,0,1,0,198,254,168,192,83,247,199,0,0,203,0,0,0,2,0,55,1,229,255,191,255,70,17,0,0,136,255,2,0,220,255,234,0,17,0,239,254,134,192,83,41,200,0,0,203,0,0,0,2,0,59,2,230,255,153,255,70,17,0,0,119,255,12,0,218,255,16,1,15,0,254,254,136,192,83,92,200,0,0,203,0,0,0,2,0,178,2,231,255,178,253,63,17,0,0,120,255,10,0,212,255,89,1,39,0,26,255,134,192
83,143,200,0,0,198,0,0,0,2,0,99,0,229,255,129,254,62,17,0,0,141,255,3,0,211,255,107,1,76,0,15,255,103,192,83,193,200,0,0,199,0,0,0,2,0,246,1,231,255,51,252,70,17,0,0,105,255,0,0,217,255,93,1,73,0,203,254,155,192,83,244,200,0,0,198,0,0,0,2,0,190,1,230,255,235,255,63,17,0,0,139,255,244,255,218,255,98,1,47,0,192,254,104,192,83,44,201,0,0,196,0,0,0,2,0,187,1,231,255,114,252,63,17,0,0,91,255,255,255,217,255,117,1,21,0,181,254,179,192,83,94,201,0,0,194,0,0,0,2,0,54,1,230,255,40,255,63,17,0,0,132,255,253,255,212,255,177,1,25,0,228,254,113,192,83,145,201,0,0,193,0,0,0,2,0,142,1,231,255,211,252,57,17,0,0,101,255,245,255,210,255,161,1,51,0,215,254,178,192,83,195,201,0,0,193,0,0,0,2,0,108,2,232,255,54,252,57,17,0,0,118,255,242,255,214,255,143,1,52,0,193,254,159,192,83,246,201,0,0,191,0,0,0,2,0
182,1,231,255,81,254,57,17,0,0,136,255,246,255,226,255,138,1,17,0,186,254,115,192,83,46,202,0,0,188,0,0,0,2,0,110,0,230,255,153,254,56,17,0,0,109,255,4,0,221,255,179,1,220,255,248,254,148,192,83,96,202,0,0,188,0,0,0,2,0,93,1,231,255,41,254,50,17,0,0,153,255,247,255,222,255,209,1,213,255,63,255,93,192,83,147,202,0,0,187,0,0,0,2,0,4,2,232,255,214,252,57,17,0,0,122,255,240,255,218,255,173,1,208,255,78,255,140,192,83,198,202,0,0,187,0,0,0,2,0,141,2,232,255,23,255,50,17,0,0,129,255,234,255,220,255,116,1,226,255,61,255,150,192,83,248,202,0,0,186,0,0,0,2,0,208,2,233,255,134,252,49,17,0,0,101,255,226,255,239,255,36,1,196,255,252,254,181,192,83,44,203,0,0,184,0,0,0,2,0,144,2,233,255,66,252,49,17,0,0,132,255,234,255,243,255,250,0,137,255,238,254,135,192,83,100,203,0,0,182,0,0,0,2,0,152,1,232,255,144,253,50,17,0,0,119
255,234,255,231,255,231,0,107,255,238,254,147,192,83,150,203,0,0,180,0,0,0,2,0,65,1,232,255,243,252,43,17,0,0,109,255,240,255,212,255,243,0,155,255,243,254,176,192,83,201,203,0,0,178,0,0,0,2,0,179,0,231,255,131,255,43,17,0,0,164,255,239,255,216,255,0,1,223,255,249,254,73,192,83,251,203,0,0,178,0,0,0,2,0,119,1,232,255,129,254,43,17,0,0,102,255,235,255,205,255,224,0,27,0,210,254,186,192,83,46,204,0,0,175,0,0,0,2,0,87,0,231,255,58,255,43,17,0,0,99,255,243,255,206,255,246,0,99,0,185,254,206,192,83,97,204,0,0,176,0,0,0,2,0,4,2,233,255,70,253,43,17,0,0,132,255,253,255,224,255,18,1,113,0,166,254,122,192,83,152,204,0,0,173,0,0,0,2,0,73,0,232,255,28,252,43,17,0,0,123,255,16,0,226,255,72,1,61,0,226,254,137,192,83,203,204,0,0,174,0,0,0,2,0,91,2,233,255,90,255,36,17,0,0,149,255,11,0,223,255,130,1,37,0,35,255
97,192,83,254,204,0,0,172,0,0,0,2,0,205,1,233,255,16,254,36,17,0,0,106,255,19,0,212,255,161,1,42,0,62,255,168,192,83,48,205,0,0,171,0,0,0,2,0,241,1,233,255,249,254,36,17,0,0,161,255,4,0,220,255,161,1,56,0,58,255,70,192,83,99,205,0,0,168,0,0,0,2,0,160,0,232,255,27,255,36,17,0,0,104,255,235,255,227,255,136,1,27,0,21,255,186,192,83,150,205,0,0,167,0,0,0,2,0,216,0,233,255,82,252,30,17,0,0,99,255,237,255,227,255,94,1,248,255,238,254,178,192,83,205,205,0,0,166,0,0,0,2,0,229,0,233,255,253,252,30,17,0,0,124,255,237,255,227,255,64,1,222,255,202,254,141,192,83,0,206,0,0,164,0,0,0,2,0,105,0,232,255,188,255,36,17,0,0,106,255,250,255,227,255,74,1,189,255,221,254,168,192,83,50,206,0,0,164,0,0,0,2,0,83,1,233,255,63,255,30,17,0,0,140,255,245,255,215,255,102,1,192,255,6,255,112,192,83,101,206,0,0,163,0,0,0
2,0,67,1,233,255,131,255,30,17,0,0,98,255,249,255,203,255,85,1,212,255,3,255,190,192,83,152,206,0,0,163,0,0,0,2,0,47,2,234,255,16,255,23,17,0,0,134,255,250,255,208,255,94,1,244,255,248,254,116,192,83,202,206,0,0,162,0,0,0,2,0,237,1,234,255,185,254,23,17,0,0,133,255,237,255,215,255,67,1,214,255,249,254,111,192,83,2,207,0,0,159,0,0,0,2,0,223,0,233,255,181,255,23,17,0,0,111,255,233,255,205,255,33,1,238,255,238,254,158,192,83,54,207,0,0,158,0,0,0,2,0,156,0,233,255,71,255,23,17,0,0,144,255,234,255,212,255,249,0,45,0,217,254,125,192,83,104,207,0,0,157,0,0,0,2,0,78,1,234,255,14,254,23,17,0,0,79,255,248,255,220,255,206,0,62,0,191,254,209,192,83,155,207,0,0,157,0,0,0,2,0,154,1,234,255,121,255,15,17,0,0,113,255,0,0,220,255,248,0,63,0,211,254,154,192,83,206,207,0,0,156,0,0,0,2,0,203,1,235,255,165,252,16,17,0
0,85,255,10,0,225,255,33,1,34,0,216,254,203,192,83,5,208,0,0,152,0,0,0,2,0,13,0,233,255,74,255,15,17,0,0,158,255,15,0,224,255,110,1,10,0,25,255,93,192,83,56,208,0,0,153,0,0,0,2,0,60,1,234,255,157,255,10,17,0,0,106,255,13,0,203,255,143,1,247,255,33,255,158,192,83,106,208,0,0,152,0,0,0,2,0,125,1,235,255,240,252,15,17,0,0,117,255,5,0,184,255,151,1,44,0,2,255,162,192,83,157,208,0,0,151,0,0,0,2,0,92,1,235,255,252,252,15,17,0,0,131,255,244,255,197,255,106,1,79,0,175,254,115,192,83,208,208,0,0,147,0,0,0,1,0,138,3,233,255,167,255,9,17,0,0,89,255,240,255,214,255,73,1,88,0,105,254,184,192,83,2,209,0,0,148,0,0,0,2,0,196,0,234,255,203,255,10,17,0,0,127,255,250,255,219,255,118,1,86,0,118,254,149,192,83,58,209,0,0,145,0,0,0,1,0,186,3,234,255,51,253,9,17,0,0,84,255,17,0,223,255,204,1,35,0
184,254,198,192,83,109,209,0,0,144,0,0,0,2,0,47,0,234,255,188,254,10,17,0,0,142,255,4,0,220,255,14,2,248,255,35,255,109,192,83,159,209,0,0,142,0,0,0,1,0,15,3,233,255,182,255,2,17,0,0,132,255,3,0,215,255,13,2,212,255,69,255,141,192,83,210,209,0,0,141,0,0,0,1,0,96,3,234,255,34,253,9,17,0,0,130,255,244,255,210,255,2,2,222,255,81,255,134,192,83,5,210,0,0,140,0,0,0,1,0,163,3,234,255,93,254,9,17,0,0,151,255,234,255,229,255,195,1,200,255,60,255,90,192,83,55,210,0,0,141,0,0,0,2,0,52,1,235,255,159,255,2,17,0,0,111,255,223,255,246,255,119,1,136,255,41,255,178,192,83,111,210,0,0,141,0,0,0,2,0,168,1,236,255,171,253,9,17,0,0,137,255,222,255,242,255,21,1,107,255,9,255,132,192,83,161,210,0,0,139,0,0,0,2,0,28,1,236,255,94,252,9,17,0,0,91,255,229,255,237,255,194,0,97,255,218,254,204,192,83,212,210,0,0,137,0
0,0,2,0,38,0,235,255,153,253,252,16,0,0,149,255,235,255,229,255,195,0,121,255,233,254,105,192,83,8,211,0,0,133,0,0,0,1,0,66,2,233,255,237,255,252,16,0,0,91,255,234,255,213,255,179,0,150,255,228,254,205,192,83,58,211,0,0,133,0,0,0,1,0,189,2,234,255,217,253,252,16,0,0,112,255,247,255,206,255,207,0,250,255,232,254,153,192,83,109,211,0,0,132,0,0,0,1,0,33,3,234,255,121,255,252,16,0,0,149,255,248,255,217,255,244,0,64,0,230,254,117,192,83,165,211,0,0,131,0,0,0,1,0,73,3,235,255,115,252,252,16,0,0,112,255,0,0,222,255,7,1,64,0,230,254,157,192,83,215,211,0,0,129,0,0,0,1,0,101,2,234,255,206,253,252,16,0,0,150,255,2,0,224,255,52,1,60,0,0,255,84,192,83,10,212,0,0,127,0,0,0,1,0,75,2,234,255,203,253,245,16,0,0,114,255,254,255,220,255,69,1,49,0,250,254,175,192,83,61,212,0,0,124,0,0,0,1,0,207,0,233,255,48,253,245
16,0,0,125,255,13,0,221,255,132,1,35,0,35,255,142,192,83,111,212,0,0,125,0,0,0,1,0,25,2,234,255,176,253,245,16,0,0,142,255,2,0,221,255,161,1,13,0,37,255,90,192,83,162,212,0,0,124,0,0,0,1,0,37,2,234,255,37,254,239,16,0,0,106,255,252,255,218,255,144,1,250,255,12,255,168,192,83,217,212,0,0,122,0,0,0,1,0,174,1,234,255,241,252,245,16,0,0,139,255,235,255,216,255,107,1,249,255,250,254,108,192,83,12,213,0,0,120,0,0,0,1,0,107,1,234,255,105,252,245,16,0,0,110,255,233,255,216,255,44,1,220,255,201,254,191,192,83,63,213,0,0,120,0,0,0,1,0,187,1,234,255,177,253,244,16,0,0,122,255,237,255,212,255,52,1,238,255,208,254,142,192,83,113,213,0,0,120,0,0,0,1,0,194,2,235,255,104,253,238,16,0,0,122,255,239,255,212,255,53,1,248,255,218,254,148,192,83,164,213,0,0,118,0,0,0,1,0,92,2,235,255,107,252,239,16,0,0,105,255,242,255,207,255,93,1
41,0,230,254,168,192,83,220,213,0,0,115,0,0,0,1,0,7,1,234,255,85,252,239,16,0,0,110,255,240,255,211,255,78,1,102,0,192,254,163,192,83,14,214,0,0,114,0,0,0,1,0,26,1,234,255,208,252,231,16,0,0,83,255,251,255,229,255,49,1,87,0,149,254,204,192,83,65,214,0,0,112,0,0,0,1,0,54,0,233,255,18,254,232,16,0,0,147,255,4,0,235,255,90,1,31,0,178,254,97,192,83,116,214,0,0,111,0,0,0,1,0,196,0,234,255,41,252,239,16,0,0,90,255,18,0,221,255,159,1,235,255,241,254,182,192,83,166,214,0,0,112,0,0,0,1,0,236,1,235,255,75,252,232,16,0,0,131,255,21,0,210,255,241,1,246,255,92,255,115,192,83,218,214,0,0,110,0,0,0,1,0,90,1,234,255,161,254,231,16,0,0,136,255,253,255,206,255,242,1,251,255,96,255,115,192,83,17,215,0,0,107,0,0,0,1,0,110,0,233,255,207,255,231,16,0,0,99,255,238,255,204,255,186,1,237,255,11,255,194,192,83,68,215,0,0
108,0,0,0,1,0,94,1,234,255,45,255,225,16,0,0,130,255,222,255,224,255,84,1,219,255,179,254,140,192,83,119,215,0,0,105,0,0,0,0,0,222,3,233,255,196,254,225,16,0,0,88,255,236,255,231,255,41,1,169,255,138,254,193,192,83,169,215,0,0,104,0,0,0,1,0,192,0,234,255,157,253,225,16,0,0,135,255,247,255,224,255,72,1,172,255,202,254,126,192,83,220,215,0,0,104,0,0,0,1,0,247,0,234,255,139,254,226,16,0,0,101,255,251,255,216,255,99,1,177,255,250,254,178,192,83,15,216,0,0,99,0,0,0,0,0,48,2,232,255,222,253,226,16,0,0,134,255,251,255,210,255,151,1,230,255,50,255,122,192,83,70,216,0,0,102,0,0,0,1,0,75,1,235,255,26,252,212,16,0,0,127,255,234,255,216,255,107,1,253,255,31,255,127,192,83,121,216,0,0,99,0,0,0,0,0,185,3,233,255,90,255,212,16,0,0,106,255,234,255,221,255,65,1,6,0,248,254,177,192,83,172,216,0,0,97,0,0,0,0,0,136,3,233,255,225
254,212,16,0,0,99,255,234,255,221,255,40,1,27,0,217,254,168,192,83,222,216,0,0,96,0,0,0,0,0,99,3,233,255,145,254,218,16,0,0,114,255,248,255,232,255,17,1,248,255,189,254,164,192,83,17,217,0,0,95,0,0,0,0,0,114,3,233,255,247,254,218,16,0,0,131,255,8,0,228,255,57,1,227,255,248,254,124,192,83,67,217,0,0,93,0,0,0,0,0,98,3,233,255,244,254,212,16,0,0,129,255,4,0,223,255,113,1,217,255,52,255,133,192,83,123,217,0,0,91,0,0,0,0,0,202,2,233,255,47,253,212,16,0,0,115,255,4,0,214,255,126,1,243,255,74,255,151,192,83,174,217,0,0,93,0,0,0,1,0,38,1,235,255,229,252,212,16,0,0,155,255,248,255,224,255,112,1,244,255,66,255,80,192,83,224,217,0,0,91,0,0,0,1,0,135,0,234,255,7,255,212,16,0,0,122,255,244,255,220,255,82,1,202,255,46,255,144,192,83,19,218,0,0,90,0,0,0,1,0,172,0,234,255,181,255,205,16,0,0,126,255,232,255,214,255
36,1,210,255,34,255,131,192,83,70,218,0,0,89,0,0,0,1,0,80,0,234,255,194,254,212,16,0,0,112,255,226,255,217,255,217,0,212,255,239,254,166,192,83,125,218,0,0,86,0,0,0,0,0,40,3,233,255,109,255,199,16,0,0,124,255,237,255,213,255,194,0,239,255,220,254,146,192,83,176,218,0,0,84,0,0,0,0,0,165,2,233,255,237,253,205,16,0,0,115,255,235,255,210,255,195,0,24,0,220,254,130,192,83,228,218,0,0,84,0,0,0,0,0,142,3,234,255,27,253,212,16,0,0,102,255,253,255,210,255,214,0,62,0,199,254,156,192,83,22,219,0,0,83,0,0,0,0,0,158,3,234,255,127,253,212,16,0,0,136,255,5,0,214,255,12,1,82,0,219,254,97,192,83,73,219,0,0,83,0,0,0,1,0,117,0,235,255,53,252,205,16,0,0,110,255,18,0,215,255,83,1,79,0,243,254,155,192,83,123,219,0,0,81,0,0,0,0,0,104,3,234,255,53,253,199,16,0,0,98,255,23,0,195,255,189,1,138,0,23,255,183,192,83,179,219
0,0,80,0,0,0,0,0,170,3,234,255,62,254,199,16,0,0,88,255,254,255,206,255,182,1,195,0,187,254,199,192,83,230,219,0,0,77,0,0,0,0,0,198,2,233,255,108,255,199,16,0,0,100,255,254,255,231,255,192,1,125,0,120,254,162,192,83,24,220,0,0,77,0,0,0,0,0,39,3,234,255,230,252,198,16,0,0,141,255,4,0,229,255,238,1,252,255,166,254,113,192,83,75,220,0,0,77,0,0,0,1,0,20,0,234,255,194,255,199,16,0,0,111,255,18,0,210,255,70,2,191,255,44,255,154,192,83,126,220,0,0,75,0,0,0,0,0,105,3,234,255,20,254,191,16,0,0,138,255,249,255,192,255,98,2,26,0,115,255,111,192,83,176,220,0,0,74,0,0,0,0,0,156,3,234,255,226,254,192,16,0,0,76,255,216,255,214,255,6,2,10,0,14,255,215,192,83,232,220,0,0,73,0,0,0,0,0,226,3,234,255,247,255,191,16,0,0,108,255,216,255,246,255,148,1,154,255,197,254,163,192,83,27,221,0,0,74,0,0,0,1,0,22,1,235
255,211,255,198,16,0,0,102,255,233,255,246,255,93,1,58,255,205,254,169,192,83,77,221,0,0,70,0,0,0,0,0,12,3,234,255,166,253,192,16,0,0,107,255,237,255,220,255,107,1,35,255,61,255,168,192,83,128,221,0,0,70,0,0,0,0,0,146,3,234,255,131,255,191,16,0,0,125,255,225,255,211,255,44,1,106,255,77,255,133,192,83,178,221,0,0,70,0,0,0,1,0,125,0,235,255,121,254,186,16,0,0,85,255,225,255,212,255,186,0,164,255,226,254,186,192,83,229,221,0,0,65,0,0,0,0,0,220,1,233,255,60,254,186,16,0,0,180,255,232,255,227,255,155,0,193,255,202,254,40,192,83,29,222,0,0,65,0,0,0,0,0,208,2,234,255,128,253,184,16,0,0,82,255,254,255,206,255,167,0,226,255,210,254,210,192,83,79,222,0,0,62,0,0,0,0,0,204,1,233,255,59,254,179,16,0,0,104,255,255,255,198,255,239,0,63,0,15,255,176,192,83,130,222,0,0,62,0,0,0,0,0,112,2,234,255,126,252,178,16,0,0,111,255,245,255
209,255,221,0,189,0,236,254,158,192,83,182,222,0,0,59,0,0,0,0,0,214,0,232,255,58,255,184,16,0,0,82,255,4,0,241,255,200,0,210,0,174,254,200,192,83,232,222,0,0,60,0,0,0,0,0,85,2,234,255,87,252,178,16,0,0,142,255,13,0,243,255,227,0,116,0,195,254,119,192,83,27,223,0,0,57,0,0,0,0,0,40,1,233,255,131,252,178,16,0,0,115,255,36,0,239,255,38,1,50,0,33,255,141,192,83,83,223,0,0,58,0,0,0,0,0,7,3,234,255,194,254,179,16,0,0,143,255,37,0,225,255,142,1,43,0,181,255,121,192,83,133,223,0,0,56,0,0,0,0,0,127,2,234,255,38,253,178,16,0,0,155,255,17,0,212,255,182,1,113,0,174,255,104,192,83,184,223,0,0,54,0,0,0,0,0,128,1,233,255,241,253,178,16,0,0,115,255,1,0,218,255,159,1,161,0,46,255,157,192,83,234,223,0,0,53,0,0,0,0,0,176,1,233,255,159,254,179,16,0,0,129,255,0,0,226,255,159,1,114,0,205,254,141,192,83
29,224,0,0,51,0,0,0,0,0,229,0,233,255,33,252,171,16,0,0,102,255,252,255,224,255,165,1,37,0,145,254,184,192,83,85,224,0,0,50,0,0,0,0,0,95,1,233,255,192,253,178,16,0,0,150,255,4,0,217,255,215,1,221,255,206,254,98,192,83,135,224,0,0,51,0,0,0,0,0,232,2,234,255,236,254,171,16,0,0,149,255,4,0,205,255,2,2,188,255,14,255,103,192,83,186,224,0,0,48,0,0,0,0,0,114,1,233,255,52,254,171,16,0,0,115,255,248,255,180,255,230,1,254,255,9,255,139,192,83,237,224,0,0,47,0,0,0,0,0,110,1,233,255,65,254,165,16,0,0,123,255,232,255,190,255,130,1,49,0,141,254,128,192,83,31,225,0,0,45,0,0,0,0,0,239,0,233,255,181,252,171,16,0,0,75,255,234,255,220,255,50,1,26,0,34,254,230,192,83,82,225,0,0,45,0,0,0,0,0,235,1,233,255,247,255,165,16,0,0,127,255,248,255,225,255,78,1,212,255,64,254,131,192,83,138,225,0,0,44,0,0,0,0,0,68
2,234,255,69,253,165,16,0,0,120,255,9,0,215,255,161,1,181,255,191,254,160,192,83,188,225,0,0,45,0,0,0,0,0,133,3,235,255,142,253,165,16,0,0,157,255,255,255,204,255,239,1,232,255,91,255,88,192,83,239,225,0,0,42,0,0,0,0,0,89,2,234,255,206,253,165,16,0,0,159,255,235,255,212,255,208,1,13,0,84,255,76,192,83,33,226,0,0,42,0,0,0,0,0,64,3,235,255,243,252,165,16,0,0,115,255,233,255,221,255,126,1,1,0,10,255,153,192,83,84,226,0,0,38,0,0,0,0,0,69,1,233,255,125,254,158,16,0,0,148,255,233,255,241,255,91,1,227,255,3,255,116,192,83,135,226,0,0,38,0,0,0,0,0,204,1,234,255,96,252,152,16,0,0,119,255,242,255,248,255,57,1,154,255,14,255,140,192,83,191,226,0,0,37,0,0,0,0,0,215,1,234,255,149,252,158,16,0,0,127,255,252,255,239,255,81,1,84,255,137,255,141,192,83,242,226,0,0,35,0,0,0,0,0,159,1,233,255,223,255,158,16,0,0,160,255
236,255,233,255,57,1,97,255,186,255,62,192,83,37,227,0,0,36,0,0,0,0,0,188,2,234,255,170,255,158,16,0,0,103,255,227,255,231,255,229,0,114,255,167,255,170,192,83,87,227,0,0,35,0,0,0,0,0,113,3,235,255,47,254,152,16,0,0,149,255,217,255,229,255,132,0,146,255,96,255,105,192,83,138,227,0,0,33,0,0,0,0,0,210,2,235,255,85,252,158,16,0,0,78,255,204,255,225,255,4,0,177,255,221,254,225,192,83,188,227,0,0,31,0,0,0,0,0,163,1,234,255,140,252,152,16,0,0,119,255,234,255,215,255,219,255,4,0,132,254,133,192,83,244,227,0,0,29,0,0,0,0,0,105,1,233,255,210,255,152,16,0,0,117,255,1,0,212,255,242,255,116,0,137,254,151,192,83,39,228,0,0,29,0,0,0,0,0,88,2,234,255,5,255,158,16,0,0,115,255,34,0,217,255,92,0,217,0,241,254,166,192,83,89,228,0,0,29,0,0,0,0,0,62,3,235,255,41,254,152,16,0,0,132,255,33,0,225,255,188,0,13,1,90,255,128
192,83,140,228,0,0,28,0,0,0,0,0,7,3,235,255,157,253,145,16,0,0,105,255,47,0,243,255,30,1,46,1,127,255,147,192,83,191,228,0,0,29,0,0,0,1,0,142,0,236,255,126,254,145,16,0,0,159,255,36,0,245,255,144,1,250,0,126,255,79,192,83,241,228,0,0,25,0,0,0,0,0,159,2,235,255,162,252,145,16,0,0,115,255,23,0,242,255,221,1,189,0,136,255,135,192,83,41,229,0,0,23,0,0,0,0,0,179,1,234,255,171,253,152,16,0,0,111,255,16,0,233,255,45,2,128,0,199,255,161,192,83,92,229,0,0,20,0,0,0,0,0,143,0,233,255,251,253,139,16,0,0,44,255,240,255,234,255,55,2,118,0,137,255,251,192,83,142,229,0,0,20,0,0,0,0,0,249,0,233,255,95,255,139,16,0,0,84,255,230,255,240,255,229,1,48,0,10,255,215,192,83,193,229,0,0,18,0,0,0,0,0,75,0,233,255,49,253,139,16,0,0,79,255,230,255,245,255,181,1,195,255,167,254,223,192,83,243,229,0,0,17,0,0,0,0
0,154,0,233,255,51,254,145,16,0,0,108,255,249,255,225,255,174,1,101,255,170,254,162,192,83,43,230,0,0,17,0,0,0,0,0,236,1,234,255,163,254,139,16,0,0,96,255,234,255,186,255,181,1,149,255,228,254,177,192,83,94,230,0,0,17,0,0,0,0,0,45,2,234,255,139,255,139,16,0,0,128,255,241,255,190,255,149,1,31,0,179,254,110,192,83,145,230,0,0,15,0,0,0,0,0,195,1,234,255,74,254,132,16,0,0,144,255,250,255,200,255,118,1,83,0,91,254,107,192,83,196,230,0,0,13,0,0,0,0,0,73,1,234,255,212,252,132,16,0,0,88,255,250,255,212,255,116,1,55,0,65,254,190,192,83,247,230,0,0,11,0,0,0,0,0,210,0,233,255,70,255,139,16,0,0,162,255,245,255,217,255,191,1,7,0,163,254,68,192,83,41,231,0,0,10,0,0,0,0,0,96,0,233,255,226,253,132,16,0,0,122,255,253,255,218,255,215,1,234,255,254,254,148,192,83,97,231,0,0,9,0,0,0,0,0,6,1,233,255,0,0,125,16,0,0
135,255,248,255,216,255,251,1,19,0,117,255,130,192,83,148,231,0,0,9,0,0,0,0,0,196,1,234,255,140,254,126,16,0,0,133,255,233,255,244,255,222,1,25,0,124,255,113,192,83,198,231,0,0,6,0,0,0,0,0,125,0,233,255,90,254,132,16,0,0,89,255,234,255,9,0,162,1,170,255,133,255,193,192,83,249,231,0,0,5,0,0,0,0,0,88,0,233,255,242,253,126,16,0,0,135,255,230,255,16,0,121,1,70,255,186,255,133,192,83,43,232,0,0,3,0,0,0,0,0,44,0,233,255,101,253,119,16,0,0,83,255,229,255,20,0,61,1,229,254,223,255,200,192,83,94,232,0,0,5,0,0,0,0,0,102,2,235,255,210,252,132,16,0,0,148,255,206,255,255,255,237,0,8,255,20,0,93,192,83,150,232,0,0,6,0,0,0,0,0,187,3,236,255,111,253,132,16,0,0,58,255,153,255,20,0,56,0,127,255,183,255,1,193,83,200,232,0,0,249,255,255,255,255,255,224,253,228,255,59,253,67,16,0,0,242,250,0,248,88,7,14,7,79,3,148
7,204,198,83,251,232,0,0,222,255,255,255,250,255,215,255,213,255,95,253,126,16,0,0,225,255,203,255,247,255,118,4,52,2,3,0,254,191,83,46,233,0,0,249,255,255,255,0,0,10,253,230,255,40,253,119,16,0,0,230,255,225,255,252,255,17,4,50,1,76,254,236,191,83,96,233,0,0,253,255,255,255,0,0,127,1,233,255,218,255,119,16,0,0,246,255,226,255,6,0,240,3,145,255,2,254,193,191,83,147,233,0,0,255,255,255,255,0,0,101,3,235,255,80,254,119,16,0,0,6,0,255,255,25,0,248,3,85,254,247,254,165,191,83,203,233,0,0,255,255,255,255,1,0,90,0,236,255,107,253,119,16,0,0,22,0,252,255,21,0,9,4,63,254,160,0,113,191,83,253,233,0,0,255,255,255,255,1,0,233,0,236,255,118,255,126,16,0,0,7,0,1,0,247,255,95,4,100,255,69,1,140,191,83,48,234,0,0,0,0,0,0,1,0,123,2,238,255,6,253,119,16,0,0,251,255,3,0,231,255,2,5,90,0,197,0,186,191,83,99,234,0,0,0,0,0
0,1,0,178,3,239,255,108,253,125,16,0,0,23,0,136,255,204,255,3,5,55,0,86,0,158,191,83,150,234,0,0,255,255,255,255,1,0,1,3,238,255,128,255,119,16,0,0,45,0,28,255,20,0,229,3,93,0,171,0,128,191,83,206,234,0,0,251,255,255,255,1,0,27,1,237,255,157,253,113,16,0,0,82,0,52,255,1,1,5,2,67,0,9,0,65,191,83,0,235,0,0,249,255,255,255,1,0,126,0,236,255,190,255,113,16,0,0,49,0,173,255,194,0,126,0,129,255,46,0,111,191,83,51,235,0,0,250,255,255,255,1,0,19,2,238,255,80,253,119,16,0,0,15,0,234,255,88,0,193,255,247,255,36,0,157,191,83,102,235,0,0,253,255,255,255,2,0,205,0,240,255,96,254,119,16,0,0,38,0,212,255,58,0,57,255,59,0,248,255,115,191,83,152,235,0,0,253,255,255,255,2,0,9,1,240,255,144,255,119,16,0,0,58,0,166,255,51,0,162,254,82,0,206,255,83,191,83,203,235,0,0,254,255,255,255,2,0,219,2,242,255,35,254,119,16
0,0,59,0,88,255,254,255,210,254,40,0,228,255,102,191,83,3,236,0,0,0,0,0,0,3,0,143,0,244,255,35,252,119,16,0,0,25,0,139,255,240,255,202,255,245,255,254,255,147,191,83,53,236,0,0,0,0,0,0,3,0,87,1,244,255,74,255,119,16,0,0,41,0,136,255,1,0,98,0,242,255,5,0,125,191,83,104,236,0,0,255,255,255,255,3,0,168,0,244,255,179,253,113,16,0,0,46,0,146,255,28,0,46,0,233,255,4,0,109,191,83,154,236,0,0,254,255,255,255,3,0,249,0,244,255,84,255,126,16,0,0,41,0,141,255,38,0,253,255,3,0,253,255,114,191,83,205,236,0,0,255,255,255,255,3,0,29,2,245,255,202,255,119,16,0,0,40,0,138,255,18,0,209,255,14,0,254,255,113,191,83,0,237,0,0,0,0,0,0,3,0,179,2,246,255,119,254,119,16,0,0,42,0,135,255,5,0,238,255,8,0,252,255,127,191,83,55,237,0,0,255,255,255,255,3,0,191,2,246,255,100,255,119,16,0,0,40,0,136,255,16,0,7,0,250
255,253,255,128,191,83,106,237,0,0,252,255,255,255,3,0,197,0,245,255,155,253,119,16,0,0,40,0,139,255,17,0,251,255,6,0,2,0,140,191,83,157,237,0,0,254,255,255,255,3,0,24,3,247,255,0,254,119,16,0,0,43,0,138,255,14,0,252,255,0,0,1,0,127,191,83,207,237,0,0,253,255,255,255,3,0,191,2,247,255,150,253,119,16,0,0,39,0,136,255,16,0,255,255,1,0,254,255,109,191,83,2,238,0,0,254,255,255,255,3,0,198,3,248,255,191,253,119,16,0,0,45,0,137,255,13,0,0,0,253,255,248,255,122,191,83,53,238,0,0,254,255,255,255,4,0,63,0,248,255,190,255,119,16,0,0,41,0,137,255,20,0,1,0,2,0,248,255,124,191,83,109,238,0,0,255,255,255,255,4,0,208,0,249,255,143,254,119,16,0,0,42,0,138,255,14,0,2,0,2,0,2,0,118,191,83,160,238,0,0,0,0,0,0,4,0,175,1,250,255,80,254,119,16,0,0,41,0,135,255,14,0,7,0,6,0,255,255,123,191,83,210,238,0,0,254
255,255,255,4,0,143,0,249,255,106,255,119,16,0,0,40,0,135,255,11,0,2,0,1,0,0,0,107,191,83,5,239,0,0,254,255,255,255,4,0,61,1,250,255,137,254,119,16,0,0,42,0,135,255,11,0,3,0,253,255,6,0,123,191,83,56,239,0,0,254,255,255,255,4,0,147,1,251,255,147,252,112,16,0,0,42,0,135,255,20,0,7,0,252,255,6,0,120,191,83,106,239,0,0,253,255,255,255,4,0,246,0,250,255,86,255,119,16,0,0,40,0,138,255,14,0,249,255,3,0,0,0,117,191,83,162,239,0,0,255,255,255,255,4,0,120,2,252,255,87,253,119,16,0,0,40,0,137,255,15,0,5,0,250,255,254,255,140,191,83,213,239,0,0,255,255,255,255,4,0,128,2,252,255,93,254,119,16,0,0,42,0,137,255,17,0,251,255,255,255,3,0,118,191,83,7,240,0,0,253,255,255,255,4,0,125,1,251,255,223,255,119,16,0,0,39,0,137,255,14,0,250,255,4,0,253,255,106,191,83,58,240,0,0,253,255,255,255,4,0,54,1,251,255,216,255
